[
    {
        "Key": 3205063001,
        "Jp": "該当の助っ人の生徒が見つかりませんでした。"
    },
    {
        "Key": 3080068811,
        "Jp": "処理できないリクエストを受け取りました。"
    },
    {
        "Key": 1451459100,
        "Jp": "処理できないリクエストを受け取りました。"
    },
    {
        "Key": 593817179,
        "Jp": "パケットのプロトコルが間違っているか、存在しないプロトコルです。"
    },
    {
        "Key": 2920904025,
        "Jp": "セッションが有効ではありません。"
    },
    {
        "Key": 3347437062,
        "Jp": "クライアントのバージョンが一致しません。"
    },
    {
        "Key": 3047249769,
        "Jp": "サーバー側でリクエストの処理に失敗しました。\nタイトル画面に戻ります。"
    },
    {
        "Key": 430044536,
        "Jp": "DB側でリクエストの処理に失敗しました。\nタイトル画面に戻ります。"
    },
    {
        "Key": 2095745906,
        "Jp": "財貨が不足しています。"
    },
    {
        "Key": 2367643443,
        "Jp": "既にレアリティが最大です。"
    },
    {
        "Key": 3762581793,
        "Jp": "保有数の限度に達しているため、これ以上受け取ることができません。"
    },
    {
        "Key": 2711028080,
        "Jp": "アカウント情報をDBから見つけることができません。"
    },
    {
        "Key": 950826558,
        "Jp": "該当するIDのアカウントがサーバー上に存在しません。"
    },
    {
        "Key": 1838154309,
        "Jp": "既に存在しているアカウント名です。"
    },
    {
        "Key": 296527733,
        "Jp": "開発用IDの名前が空欄です。"
    },
    {
        "Key": 2525474471,
        "Jp": "該当する名前のアカウントは存在しません。"
    },
    {
        "Key": 503931658,
        "Jp": "接続権限がないアカウントです。"
    },
    {
        "Key": 3296768386,
        "Jp": "ニックネームに空白が含まれています。\nニックネームに空白を入れることはできません。"
    },
    {
        "Key": 3501394912,
        "Jp": "新しいニックネームが、現在使用しているニックネームと同じです。"
    },
    {
        "Key": 3421421223,
        "Jp": "使用できない文字が含まれています。ご調整の上、再度ご入力をお願いいたします。"
    },
    {
        "Key": 3283850040,
        "Jp": "ニックネームが短すぎるか、もしくは長すぎます。"
    },
    {
        "Key": 1228209340,
        "Jp": "認証サーバーが処理できないリクエストです。"
    },
    {
        "Key": 787750543,
        "Jp": "認証サーバーとの通信中に問題が発生しました。"
    },
    {
        "Key": 2136129359,
        "Jp": "認証サーバーからのリクエストの処理中に問題が発生しました。"
    },
    {
        "Key": 1234200571,
        "Jp": "アカウントを作成できませんでした。"
    },
    {
        "Key": 2238395843,
        "Jp": "サーバーがチートコマンドの実行に失敗しました。"
    },
    {
        "Key": 928524933,
        "Jp": "アカウントと認証コードとの連携に失敗しました。"
    },
    {
        "Key": 1004710492,
        "Jp": "開発者アカウントを登録できません。"
    },
    {
        "Key": 491727203,
        "Jp": "アカウントの作成に失敗しました。\n既に使用されている認証用のIDです。"
    },
    {
        "Key": 4020319994,
        "Jp": "アカウントのステータスを更新できません。"
    },
    {
        "Key": 230738428,
        "Jp": "対象の生徒がいません。"
    },
    {
        "Key": 269379813,
        "Jp": "ロックされた生徒です。"
    },
    {
        "Key": 2445884324,
        "Jp": "重複する生徒です。"
    },
    {
        "Key": 2707122617,
        "Jp": "部隊に編成されている生徒です。"
    },
    {
        "Key": 3808631556,
        "Jp": "好感度の減少が検知されました。\n好感度の更新を取り消します。"
    },
    {
        "Key": 4060733599,
        "Jp": "好感度が最大に達しました。"
    },
    {
        "Key": 2302161878,
        "Jp": "レア度もしくはレベルが足りないため、レベルアップすることができません。"
    },
    {
        "Key": 3518848085,
        "Jp": "装備がありません。"
    },
    {
        "Key": 1030865580,
        "Jp": "そのスロットには装備することができないアイテムです。"
    },
    {
        "Key": 2186670411,
        "Jp": "その装備を販売、または使用することができません。"
    },
    {
        "Key": 3926485639,
        "Jp": "装備しているアイテムです。"
    },
    {
        "Key": 271875608,
        "Jp": "装備のレベルアップに必要な個数を超えています。"
    },
    {
        "Key": 3899674665,
        "Jp": "装備が装着されていません。"
    },
    {
        "Key": 3199174171,
        "Jp": "アイテムがありません。"
    },
    {
        "Key": 2028977636,
        "Jp": "そのアイテムを販売、または使用することができません。"
    },
    {
        "Key": 2153358435,
        "Jp": "アイテム生成中、数量情報を取得できませんでした。"
    },
    {
        "Key": 4227111820,
        "Jp": "アイテム保有数が限度に到達しそうです。"
    },
    {
        "Key": 436810703,
        "Jp": "用途の異なるアイテムです。"
    },
    {
        "Key": 1666241848,
        "Jp": "神秘解放に必要なアイテムが不足しています。"
    },
    {
        "Key": 2402602733,
        "Jp": "必要なアイテムの量が不足しています。"
    },
    {
        "Key": 2874832470,
        "Jp": "経験値上昇アイテムを使用中、数量情報を取得できませんでした。"
    },
    {
        "Key": 1734057918,
        "Jp": "リーダーが指定されていません。"
    },
    {
        "Key": 1323800997,
        "Jp": "部隊が見つかりません。"
    },
    {
        "Key": 2152463179,
        "Jp": "戦略マップに配置されていない部隊です。"
    },
    {
        "Key": 2875328899,
        "Jp": "部隊スロットが足りません。"
    },
    {
        "Key": 606737380,
        "Jp": "他の部隊に編成されている生徒です。"
    },
    {
        "Key": 3085378534,
        "Jp": "部隊タイプが指定されていません。"
    },
    {
        "Key": 2234067980,
        "Jp": "部隊を誰も編成されていない状態にはできません。"
    },
    {
        "Key": 2422016245,
        "Jp": "解放条件を満たしていないため、まだプレイすることができません。"
    },
    {
        "Key": 688651309,
        "Jp": "一日のプレイ回数をすべて使い切りました。"
    },
    {
        "Key": 957588825,
        "Jp": "ステージに入れませんでした。"
    },
    {
        "Key": 3910671251,
        "Jp": "ステージの進行情報が存在しないか、有効ではありません。"
    },
    {
        "Key": 213352577,
        "Jp": "プレイヤーのターンではありません。"
    },
    {
        "Key": 2136130675,
        "Jp": "ステージが存在しません。"
    },
    {
        "Key": 138788887,
        "Jp": "チャプターが存在しません。"
    },
    {
        "Key": 614311547,
        "Jp": "味方または敵部隊が存在しません。"
    },
    {
        "Key": 272639916,
        "Jp": "再配置することができません。"
    },
    {
        "Key": 2432466270,
        "Jp": "Normal/Hardの難易度を特定していない要請です。"
    },
    {
        "Key": 2402851462,
        "Jp": "既に受け取り済みの報酬です。"
    },
    {
        "Key": 404034177,
        "Jp": "勝敗判定に失敗しました。"
    },
    {
        "Key": 1012603495,
        "Jp": "行動回数をすべて使い切りました。"
    },
    {
        "Key": 260795101,
        "Jp": "緊急手当てができません。"
    },
    {
        "Key": 347228547,
        "Jp": "緊急手当の一日の使用回数をすべて使い切りました。"
    },
    {
        "Key": 1157920399,
        "Jp": "味方の部隊と敵の部隊の位置が異なります。"
    },
    {
        "Key": 2583699762,
        "Jp": "まだ行動していない敵部隊がいます。"
    },
    {
        "Key": 3261228687,
        "Jp": "戦闘結果の処理に失敗しました。"
    },
    {
        "Key": 2942809624,
        "Jp": "受け取れるメール情報がありません。"
    },
    {
        "Key": 4228418186,
        "Jp": "達成条件を満たしていないミッション報酬です。"
    },
    {
        "Key": 415352066,
        "Jp": "出席簿情報にエラーがあります。"
    },
    {
        "Key": 1758812781,
        "Jp": "ショップで該当の情報を見つけることができません。"
    },
    {
        "Key": 2041378334,
        "Jp": "ショップ番号とアイテム番号がテーブル値と異なります。"
    },
    {
        "Key": 1749329065,
        "Jp": "アイテム番号がショップテーブルに存在しません。"
    },
    {
        "Key": 2660807240,
        "Jp": "最大購入可能数を超えました。"
    },
    {
        "Key": 2950738644,
        "Jp": "これ以上更新することができません。"
    },
    {
        "Key": 4237895473,
        "Jp": "ショップで該当の情報を見つけることができません。"
    },
    {
        "Key": 1269606458,
        "Jp": "製造情報がありません。"
    },
    {
        "Key": 1458733722,
        "Jp": "製造に必要な素材が不足しています。"
    },
    {
        "Key": 3621762549,
        "Jp": "製造データに問題があります。"
    },
    {
        "Key": 613903562,
        "Jp": "該当キャラのメモリアルロビーがありません。"
    },
    {
        "Key": 3205256468,
        "Jp": "ロビーのモード変更に失敗しました。"
    },
    {
        "Key": 1877159664,
        "Jp": "報酬情報が有効ではありません。"
    },
    {
        "Key": 216432509,
        "Jp": "既に受け取り済みの報酬です。"
    },
    {
        "Key": 1783313464,
        "Jp": "接続時間が十分ではありませんでした。"
    },
    {
        "Key": 1192440065,
        "Jp": "解放条件を満たしていないため、まだプレイすることができません。"
    },
    {
        "Key": 49321440,
        "Jp": "まだカフェが作られていません。"
    },
    {
        "Key": 463622482,
        "Jp": "家具の配置に失敗しました。"
    },
    {
        "Key": 1865613949,
        "Jp": "家具の位置変更に失敗しました。"
    },
    {
        "Key": 2188088798,
        "Jp": "この生徒に交流データが設定されていません。"
    },
    {
        "Key": 1510279504,
        "Jp": "家具の情報が見つかりません。"
    },
    {
        "Key": 696726334,
        "Jp": "獲得できる財貨がありません。"
    },
    {
        "Key": 454910838,
        "Jp": ""
    },
    {
        "Key": 2000402903,
        "Jp": "既にクリアしたシナリオです。"
    },
    {
        "Key": 3716096871,
        "Jp": "指定されたシナリオをまだクリアしていません。"
    },
    {
        "Key": 449070089,
        "Jp": "レベルが足りません。"
    },
    {
        "Key": 4267934794,
        "Jp": "指定された任務ステージをまだクリアしていません。"
    },
    {
        "Key": 1026052528,
        "Jp": "登録生徒数が不足しています。"
    },
    {
        "Key": 1243134087,
        "Jp": "DBの処理に失敗しました。"
    },
    {
        "Key": 4163649284,
        "Jp": "既に読んだことのあるシナリオです。"
    },
    {
        "Key": 2194821661,
        "Jp": "DBの処理に失敗しました。"
    },
    {
        "Key": 973547158,
        "Jp": "製造情報が見つかりません。"
    },
    {
        "Key": 2970299365,
        "Jp": "無効なノード生成の要求です。"
    },
    {
        "Key": 140003667,
        "Jp": "ノードのレベルアップに必要な経験値が不足しています。"
    },
    {
        "Key": 722323811,
        "Jp": "開始することができません。"
    },
    {
        "Key": 2339702451,
        "Jp": "アンカー・ノードではありません。"
    },
    {
        "Key": 1332955216,
        "Jp": "既に製造が始まっています。"
    },
    {
        "Key": 1254199814,
        "Jp": "製造前か、既に製造が完了しています。"
    },
    {
        "Key": 2597660730,
        "Jp": "製造中です。"
    },
    {
        "Key": 4087551590,
        "Jp": "情報を見つけることができません。"
    },
    {
        "Key": 2615324660,
        "Jp": "シーズン期間ではありません。"
    },
    {
        "Key": 2947026275,
        "Jp": "制限時間をオーバーしたので、戦闘が終了しました。"
    },
    {
        "Key": 1934835945,
        "Jp": "戦闘情報が見つかりませんでした。"
    },
    {
        "Key": 4149047221,
        "Jp": "戦闘情報の保存に失敗しました。"
    },
    {
        "Key": 3058666136,
        "Jp": "受け取れる報酬がありません。"
    },
    {
        "Key": 3573385991,
        "Jp": "既に作成済みの総力戦が存在します。"
    },
    {
        "Key": 986999103,
        "Jp": "APが不足しています。"
    },
    {
        "Key": 4098579131,
        "Jp": "チケットが不足しています。"
    },
    {
        "Key": 1465803275,
        "Jp": "参加することができません。"
    },
    {
        "Key": 767163894,
        "Jp": "参加可能な人数を超えました。"
    },
    {
        "Key": 2838772495,
        "Jp": "報酬情報を受け取ることができません。"
    },
    {
        "Key": 2540639998,
        "Jp": "報酬情報を見つけることができませんでした。"
    },
    {
        "Key": 2750737239,
        "Jp": "報酬を既に受け取っているか、報酬に関する情報が見つかりませんでした。"
    },
    {
        "Key": 3793271115,
        "Jp": "ポイント情報の更新に関してエラーがあります。"
    },
    {
        "Key": 2658092416,
        "Jp": "報酬情報の更新に関してエラーがあります。"
    },
    {
        "Key": 2650496749,
        "Jp": "報酬を受け取ることができませんでした。"
    },
    {
        "Key": 317783289,
        "Jp": "総力戦を見つけることができませんでした。"
    },
    {
        "Key": 4088362999,
        "Jp": "総力戦が存在しません。"
    },
    {
        "Key": 3260873820,
        "Jp": "報酬の受取情報を更新できませんでした。"
    },
    {
        "Key": 1449130769,
        "Jp": "プレイヤーの参加情報がありません。"
    },
    {
        "Key": 1595339990,
        "Jp": "既に参加している生徒が含まれています。"
    },
    {
        "Key": 2172607841,
        "Jp": "クリア情報を保存することができませんでした。"
    },
    {
        "Key": 279935345,
        "Jp": "既に終了した戦闘です。"
    },
    {
        "Key": 2862945212,
        "Jp": "情報を見つけることができませんでした。"
    },
    {
        "Key": 2350037431,
        "Jp": "入場できない曜日です。"
    },
    {
        "Key": 4154804449,
        "Jp": "勝利者の情報にエラーがあります。"
    },
    {
        "Key": 2435225822,
        "Jp": "保存情報にエラーがあります。"
    },
    {
        "Key": 3693538322,
        "Jp": "報酬情報が見つかりませんでした。"
    },
    {
        "Key": 1900014796,
        "Jp": "報酬のシード値が更新されませんでした。"
    },
    {
        "Key": 1867831835,
        "Jp": "撃退した敵の数が最大値を超えました。"
    },
    {
        "Key": 2084469709,
        "Jp": "現在開催中のシーズンがありません。"
    },
    {
        "Key": 516360769,
        "Jp": "グループに関する情報が見つかりません。"
    },
    {
        "Key": 2486217945,
        "Jp": "過去のランキング情報が見つかりません。"
    },
    {
        "Key": 2972986328,
        "Jp": "ランキング情報にエラーがあります。"
    },
    {
        "Key": 2131067520,
        "Jp": "戦闘情報の設定に失敗しました。"
    },
    {
        "Key": 697494425,
        "Jp": "本日の報酬は既に受け取り済みです。"
    },
    {
        "Key": 2703780086,
        "Jp": "現在開催中のシーズンがありません。"
    },
    {
        "Key": 2481436170,
        "Jp": "まだ再度攻撃することができません。\nもうしばらく経ってからお試しください。"
    },
    {
        "Key": 2528585070,
        "Jp": "相手が既に戦闘中です。\nリストを更新してください。"
    },
    {
        "Key": 2742406503,
        "Jp": "まだ挑戦できるランキングではありません。"
    },
    {
        "Key": 1443720116,
        "Jp": "先に防御チームを設定してください。"
    },
    {
        "Key": 4160425110,
        "Jp": "対戦履歴がありません。"
    },
    {
        "Key": 2745951414,
        "Jp": "学園情報を取得することができませんでした。"
    },
    {
        "Key": 892044620,
        "Jp": "スケジュール情報が見つかりませんでした。"
    },
    {
        "Key": 3165059078,
        "Jp": "Operationデータを受け取ることができませんでした。"
    },
    {
        "Key": 928979900,
        "Jp": "既に実行済みのスケジュールです。"
    },
    {
        "Key": 1627145907,
        "Jp": "既に実行済みの絆スケジュールです。"
    },
    {
        "Key": 3703636363,
        "Jp": "生徒が見つかりません。"
    },
    {
        "Key": 2211462200,
        "Jp": "保存情報が見つかりませんでした。"
    },
    {
        "Key": 1749817446,
        "Jp": "アカウントの使用が禁止されています。"
    },
    {
        "Key": 600902130,
        "Jp": "認証サーバー側でリクエストが拒否されました。\nタイトル画面に戻ります。"
    },
    {
        "Key": 2441522708,
        "Jp": "接続状態に異常が確認されました。\nタイトル画面に戻ります。"
    },
    {
        "Key": 281872164,
        "Jp": "進行中のセッション情報が存在します。もうしばらく経ってからお試しください。"
    },
    {
        "Key": 3833806126,
        "Jp": "開発側で使用する機能（強制的にスタンバイ状態に変更する機能）をライブサーバーで要請しました。"
    },
    {
        "Key": 2788887398,
        "Jp": "開発側で使用する機能（強制的にYostar認証を無視する機能）をライブサーバーで要請しました。"
    },
    {
        "Key": 329825449,
        "Jp": "サーバーとの接続時に問題が発生しました。\nタイトル画面に戻ります。"
    },
    {
        "Key": 1764176572,
        "Jp": "サーバーとの接続時に問題が発生しました。\nタイトル画面に戻ります。"
    },
    {
        "Key": 846737899,
        "Jp": "サーバーとの接続時に問題が発生しました。\nタイトル画面に戻ります。"
    },
    {
        "Key": 263335428,
        "Jp": "既に使用済みのチケットです。"
    },
    {
        "Key": 1473721350,
        "Jp": "解放条件を満たしていないため、まだプレイすることができません。"
    },
    {
        "Key": 4199568983,
        "Jp": "リクエストが失敗しました。再試行してください。"
    },
    {
        "Key": 854479611,
        "Jp": "ログインに失敗しました。"
    },
    {
        "Key": 1667401147,
        "Jp": "もう一度お試しください。"
    },
    {
        "Key": 3373019765,
        "Jp": "現在サーバーのメンテナンス中です。\nタイトル画面に戻ります。"
    },
    {
        "Key": 1967620704,
        "Jp": "まもなくサーバーメンテナンスが始まるため、該当コンテンツの利用が制限されました。"
    },
    {
        "Key": 1387597489,
        "Jp": "サーバーに接続できません。"
    },
    {
        "Key": 874234115,
        "Jp": "サーバーが混雑しております。\nポップアップ再表示後、OKボタンを押すとログイン処理を再試行します。\n（タイトル画面へ戻ります）"
    },
    {
        "Key": 4131409760,
        "Jp": "バージョンが一致していないため、ゲームアプリのアップデートが必要です。"
    },
    {
        "Key": 2025471191,
        "Jp": "シリアルコード番号が入力されていません。"
    },
    {
        "Key": 715519178,
        "Jp": "シリアルコードが正しくありません。"
    },
    {
        "Key": 1128341386,
        "Jp": "シリアルコードの情報が見つかりません。"
    },
    {
        "Key": 3770265341,
        "Jp": "使用済みのシリアルコードです。"
    },
    {
        "Key": 1897255150,
        "Jp": "登録されていないシリアルコードです。"
    },
    {
        "Key": 3600060356,
        "Jp": "このシリアルコードは削除されています。"
    },
    {
        "Key": 3406003919,
        "Jp": "承認されていないシリアルコードです。"
    },
    {
        "Key": 2697096147,
        "Jp": "締め切りを超えたシリアルコードです。"
    },
    {
        "Key": 1560950739,
        "Jp": "使用できないシリアルコードです。"
    },
    {
        "Key": 2570594034,
        "Jp": "有効期間内ではないシリアルコードです。"
    },
    {
        "Key": 3143884977,
        "Jp": "日付が変わりました。\nデータ更新のため、タイトル画面に戻ります。"
    },
    {
        "Key": 1099459407,
        "Jp": "アイテムの使用期限を超過しました。"
    },
    {
        "Key": 823781795,
        "Jp": "IDが見つかりません。"
    },
    {
        "Key": 1134830357,
        "Jp": "購入できない商品です。"
    },
    {
        "Key": 572639595,
        "Jp": "ユーザー情報が見つかりません。"
    },
    {
        "Key": 2305226512,
        "Jp": "ユーザーレベルが足りません。"
    },
    {
        "Key": 2702264133,
        "Jp": "最大購入回数を越えています。"
    },
    {
        "Key": 1476039225,
        "Jp": "購入記録の保存に失敗しました。"
    },
    {
        "Key": 1710124296,
        "Jp": "まだマンスリー商品を新しく購入できる期間ではありません。"
    },
    {
        "Key": 3023464381,
        "Jp": "注文情報を取得することができませんでした。"
    },
    {
        "Key": 1892580245,
        "Jp": "購入した注文情報を取得することができませんでした。"
    },
    {
        "Key": 364570626,
        "Jp": "商品の注文情報を取得することができませんでした。"
    },
    {
        "Key": 2915218317,
        "Jp": "マンスリー商品の注文情報を取得することができませんでした。"
    },
    {
        "Key": 1834139508,
        "Jp": "無効な支払い要求が発生しました。"
    },
    {
        "Key": 2408040378,
        "Jp": "DBのアップデートに失敗しました。"
    },
    {
        "Key": 1400807002,
        "Jp": "メールを送信することができませんでした。"
    },
    {
        "Key": 2091119962,
        "Jp": "無効なアカウント情報です。"
    },
    {
        "Key": 2010887118,
        "Jp": "購入履歴を取得することができませんでした。"
    },
    {
        "Key": 1183429982,
        "Jp": "マンスリー商品の更新に失敗しました。"
    },
    {
        "Key": 2955685875,
        "Jp": "認証情報が見つかりません。\nタイトル画面に戻ります。"
    },
    {
        "Key": 844584816,
        "Jp": "認証情報の処理中に、サーバー側でエラーが発生しました。\nタイトル画面に戻ります。"
    },
    {
        "Key": 2966739105,
        "Jp": "無効な認証情報が検出されました。\nタイトル画面に戻ります。"
    },
    {
        "Key": 2899564018,
        "Jp": "認証情報にエラーがあります。\nタイトル画面に戻ります。"
    },
    {
        "Key": 1556015914,
        "Jp": "ログインの重複が検知されました。\nタイトル画面に戻ります。"
    },
    {
        "Key": 1988324695,
        "Jp": "有効期限を過ぎた認証情報が存在します。\nタイトル画面に戻ります。"
    },
    {
        "Key": 257404051,
        "Jp": "古いサーバーで生成された認証情報が存在します。\nタイトル画面に戻ります。"
    },
    {
        "Key": 2016178701,
        "Jp": "日付が変わりました。\nデータ更新のため、一度タイトル画面に戻ります。"
    },
    {
        "Key": 681178497,
        "Jp": "このチャプターで、まだ達成していない任務目標があります。"
    },
    {
        "Key": 2129400885,
        "Jp": "一度設定した呼び名は、\n24時間変更することができません。"
    },
    {
        "Key": 3045956905,
        "Jp": "呼び名が設定されていません。"
    },
    {
        "Key": 4069281913,
        "Jp": "呼び名に使用できない文字が含まれています。"
    },
    {
        "Key": 469714755,
        "Jp": "存在しないサークルです。"
    },
    {
        "Key": 3604544587,
        "Jp": "検索条件に合致するサークルが見つかりませんでした。"
    },
    {
        "Key": 199871244,
        "Jp": "名前を入力してください。"
    },
    {
        "Key": 967534405,
        "Jp": "すでにサークルに所属しています。"
    },
    {
        "Key": 1998286387,
        "Jp": "すでにサークルを脱退しています。"
    },
    {
        "Key": 2148321055,
        "Jp": "サークルを創設することができません。"
    },
    {
        "Key": 1143382744,
        "Jp": "このサークルは満員です。"
    },
    {
        "Key": 3299212715,
        "Jp": "サークル情報を修正する権限がありません。"
    },
    {
        "Key": 2071833767,
        "Jp": "サークルへの加入申請を承認する権限がありません。"
    },
    {
        "Key": 1350002648,
        "Jp": "メンバーが見つかりません。"
    },
    {
        "Key": 250137538,
        "Jp": "サークルメンバーを追放できません。"
    },
    {
        "Key": 1199549907,
        "Jp": "メンバーが残っている場合、サークルを解散することはできません。"
    },
    {
        "Key": 269254824,
        "Jp": "サークルを脱退することができません。"
    },
    {
        "Key": 278111411,
        "Jp": "サークルを脱退してから24時間過ぎた段階で、再度サークル創設、または加入をすることができるようになります。"
    },
    {
        "Key": 569861543,
        "Jp": "メンバーの権限変更に失敗しました。 もう一度行ってください。"
    },
    {
        "Key": 2894419798,
        "Jp": "サークルはすでに解散されています。"
    },
    {
        "Key": 3629172404,
        "Jp": "サークルに加入承認待ち状態のユーザーが残っています。\n加入条件の変更は、承認待ち状態のユーザーがいない場合にのみ進行できます。"
    },
    {
        "Key": 2640579740,
        "Jp": "この権限を持てるメンバー数がいっぱいになりました。"
    },
    {
        "Key": 2226866488,
        "Jp": "要請に失敗しました。\nもう一度実行してください。"
    },
    {
        "Key": 3994088247,
        "Jp": "要請に失敗しました。\nもう一度実行してください。"
    },
    {
        "Key": 4070949931,
        "Jp": "現在ご利用いただくことができません。"
    },
    {
        "Key": 989987378,
        "Jp": "ネットワークの状態に問題が生じたため、再試行が必要です。\nロビーに移動します。"
    },
    {
        "Key": 1231811525,
        "Jp": "リクエストが失敗しました。もう一度お試しください。"
    },
    {
        "Key": 2262420626,
        "Jp": "APの最大値を超えているため、これ以上回復できません。"
    },
    {
        "Key": 367774391,
        "Jp": "ネットワークの状態が不安定なため、現在一時的にチャット機能を使用することができません。"
    },
    {
        "Key": 602787320,
        "Jp": "有償青輝石の数がマイナスのため、ゲームを進めることができません。"
    },
    {
        "Key": 3004047387,
        "Jp": "無償青輝石の数がマイナスのため、ゲームを進めることができません。"
    },
    {
        "Key": 976342321,
        "Jp": "入力可能な最大文字数を超えています。"
    },
    {
        "Key": 1879314961,
        "Jp": "保有数の限度に達しているため、これ以上受け取ることができません。"
    },
    {
        "Key": 354888554,
        "Jp": "サーバーの設定値に問題があるため、購入処理を行うことができません。"
    },
    {
        "Key": 3386131571,
        "Jp": "リストの更新時間を超過しました。"
    },
    {
        "Key": 3044066361,
        "Jp": "編成の制限時間を超過しました。"
    },
    {
        "Key": 2895313259,
        "Jp": "通信環境の状態が更新されました。\nタイトル画面に戻ります。"
    },
    {
        "Key": 3536494282,
        "Jp": "通信状態が不安定です。\nタイトル画面に戻ります。"
    },
    {
        "Key": 880662068,
        "Jp": "サーバーからの応答がありません。\nタイトル画面に戻ります。"
    },
    {
        "Key": 2143241516,
        "Jp": "メモリが不足しています。\nタイトル画面に戻ります。"
    },
    {
        "Key": 2519875832,
        "Jp": "クライアントが正常な状態ではありません。\nタイトル画面に戻ります。"
    },
    {
        "Key": 261121768,
        "Jp": "ランキングサーバーからの応答がありません。\nタイトル画面に戻ります。"
    },
    {
        "Key": 3668978765,
        "Jp": "更新されたデータがあるため、タイトル画面に戻ります。"
    },
    {
        "Key": 2905977845,
        "Jp": "サーバー側でリクエストの処理に失敗しました。\nタイトル画面に戻ります。"
    },
    {
        "Key": 2393967944,
        "Jp": "サーバー側でリクエストの処理に失敗しました。\nタイトル画面に戻ります。"
    },
    {
        "Key": 551069908,
        "Jp": "サーバー側でリクエストの処理に失敗しました。\nタイトル画面に戻ります。"
    },
    {
        "Key": 240259365,
        "Jp": "クライアント側からのリクエスト数の超過を確認しました。\nタイトル画面に戻ります。"
    },
    {
        "Key": 740556531,
        "Jp": "今は戦術対抗戦の報酬を受け取ることができません。"
    },
    {
        "Key": 124599116,
        "Jp": "受領できる戦術対抗戦の報酬がありません。"
    },
    {
        "Key": 2418221952,
        "Jp": "サーバー側でリクエストの処理に失敗しました。\nタイトル画面に戻ります。"
    },
    {
        "Key": 2135655308,
        "Jp": "現在の順位では、まだ防御時の使用マップを指定することができません。"
    },
    {
        "Key": 2856326245,
        "Jp": "内容の更新が発生したため、再度アクセスをお願いいたします。"
    },
    {
        "Key": 569241788,
        "Jp": "キャラクターのレベルが、すでに最大値に到達しています。"
    },
    {
        "Key": 1076112629,
        "Jp": "無効なステージデータです。"
    },
    {
        "Key": 2592514515,
        "Jp": "掃討を行うことができません。"
    },
    {
        "Key": 3430710823,
        "Jp": "製造において、追加することができない素材です。"
    },
    {
        "Key": 2490705469,
        "Jp": "製造の実行中に問題が発生しました。"
    },
    {
        "Key": 364169284,
        "Jp": "製造データの中に無効なデータが含まれています。"
    },
    {
        "Key": 507009660,
        "Jp": "装備のレベルアップに失敗しました。"
    },
    {
        "Key": 1625540169,
        "Jp": "装備のレベルアップのためには、素材を追加する必要があります。"
    },
    {
        "Key": 190083373,
        "Jp": "装備のTierアップに失敗しました。"
    },
    {
        "Key": 569149920,
        "Jp": "商品に問題が発生しています。"
    },
    {
        "Key": 2847927515,
        "Jp": "コストが不足しています。"
    },
    {
        "Key": 2798337214,
        "Jp": "誕生日データの更新に失敗しました。"
    },
    {
        "Key": 1426481190,
        "Jp": "コストの消費に失敗しました。"
    },
    {
        "Key": 3922891619,
        "Jp": "購入処理に失敗しました。"
    },
    {
        "Key": 3981288380,
        "Jp": "サーバーからの応答がありません。"
    },
    {
        "Key": 2980092194,
        "Jp": "時間内に指定された処理を行うことができませんでした。"
    },
    {
        "Key": 884407970,
        "Jp": "アカウント情報の連携中にエラーが発生しました。\nタイトル画面に戻ります。"
    },
    {
        "Key": 3944054940,
        "Jp": "ゲーム内財貨のデータの同期中にエラーが発生しました。\n一度タイトル画面に戻ります。"
    },
    {
        "Key": 1854458240,
        "Jp": "シナリオデータのアップデート中にエラーが発生しました。\nタイトル画面に戻ります。"
    },
    {
        "Key": 1788564632,
        "Jp": "サークル名には空白（スペース）を入れることができません。"
    },
    {
        "Key": 1606628276,
        "Jp": "サークル名は2文字以上10文字以下でのみ登録が可能です。"
    },
    {
        "Key": 2770189623,
        "Jp": "生徒との交流中にエラーが発生しました。\nタイトル画面に戻ります。"
    },
    {
        "Key": 1503209846,
        "Jp": "対戦相手の順位に変動がありました。\n一度選択画面に戻ります。"
    },
    {
        "Key": 3670806320,
        "Jp": "受領期間を越えたため、報酬を受け取ることができませんでした。"
    },
    {
        "Key": 2153223226,
        "Jp": "クライアントに異常が検知されました。\nタイトル画面に戻ります。"
    },
    {
        "Key": 1443275327,
        "Jp": "セキュリティモジュールの初期化に失敗しました。アプリの再起動をお願いいたします。"
    },
    {
        "Key": 3336944289,
        "Jp": "固有武器が最大レベルに達しました。"
    },
    {
        "Key": 1792965332,
        "Jp": "限界解放で最大レベルを拡張することができます。"
    },
    {
        "Key": 3940889778,
        "Jp": "制限時間を超えてしまったため、戦闘終了となりました。"
    },
    {
        "Key": 1542776967,
        "Jp": "総力戦をクリアしていないため、今回のランキング報酬はありませんでした。"
    },
    {
        "Key": 1705407544,
        "Jp": "固有武器のレベルアップに必要な素材量を超えています。"
    },
    {
        "Key": 3931378640,
        "Jp": "カフェのマイセットに登録されている家具が含まれているため、素材として投入することができませんでした。"
    },
    {
        "Key": 658573648,
        "Jp": "購入の決済処理は完了しましたが、まだ募集が進行されていません。\n下記の時間内に、募集の進行をお願いいたします（決済処理がもう一度行われることはありません）"
    },
    {
        "Key": 1345230216,
        "Jp": "残り時間: {0}"
    },
    {
        "Key": 3226801384,
        "Jp": "更新された情報が存在します。同期作業が必要なため、一度ロビー画面に戻ります。"
    },
    {
        "Key": 1637928881,
        "Jp": "データの同期にエラーが発生しました。"
    },
    {
        "Key": 3369731642,
        "Jp": "演習期間が終了しているため入場できません。"
    },
    {
        "Key": 3994530367,
        "Jp": "制限時間を超過しているが、日付が変更されたため、現在入場ができません。"
    },
    {
        "Key": 1529682812,
        "Jp": "演習可能回数が0になっています。"
    },
    {
        "Key": 1709993532,
        "Jp": "まだ報酬を受け取っていない演習があるため、新たな演習を開始できません。"
    },
    {
        "Key": 2845889380,
        "Jp": "すでに報酬を受け取っている演習です。"
    },
    {
        "Key": 3017282168,
        "Jp": "演習が存在しません。"
    },
    {
        "Key": 2964710758,
        "Jp": "異常なデータ要請が発生しました。"
    },
    {
        "Key": 2513956776,
        "Jp": "データにエラーが発生しました。"
    },
    {
        "Key": 1864642385,
        "Jp": "決済処理は正常に完了いたしました。「募集」自体はまだ完了していないため、再度「募集」画面から進行をお願いいたします（決済処理がもう一度行われることはありません）"
    },
    {
        "Key": 2047558969,
        "Jp": "投入されている素材が、必要数を超えています。"
    },
    {
        "Key": 1920124898,
        "Jp": "投入されている素材が、必要数を超えています。"
    },
    {
        "Key": 3507390375,
        "Jp": "投入されている素材が、必要数を超えています。"
    },
    {
        "Key": 3490397281,
        "Jp": "テキストが間違っています、再度正しくご入力をお願いします。"
    },
    {
        "Key": 1747331783,
        "Jp": "商品を1つ以上購入した後に、「更新」をすることができます。"
    },
    {
        "Key": 3861829530,
        "Jp": "メモリアルロビーを持っている生徒がいません。"
    },
    {
        "Key": 2744957643,
        "Jp": "新しいデータがあります。アップデートが必要なため、再接続します。"
    },
    {
        "Key": 697699156,
        "Jp": "編成不可生徒が含まれた状態では出撃できません。"
    },
    {
        "Key": 2785402308,
        "Jp": "フレンド数が最大に達したため、申請できません。"
    },
    {
        "Key": 126229189,
        "Jp": "フレンド数が最大に達したため、申請を受け入れることができません。"
    },
    {
        "Key": 2367091035,
        "Jp": "申請中のフレンド数が最大に達したため、これ以上申請できません。"
    },
    {
        "Key": 1264542676,
        "Jp": "相手のフレンド数が最大に達したため、フレンド申請はできません。"
    },
    {
        "Key": 3076130328,
        "Jp": "相手のフレンド数が最大に達したため、フレンド申請はできません。"
    },
    {
        "Key": 3202852766,
        "Jp": "相手はフレンドではありません。"
    },
    {
        "Key": 3863520183,
        "Jp": "既にフレンド登録済みです。"
    },
    {
        "Key": 3400388344,
        "Jp": "IDカード作成に失敗しました。"
    },
    {
        "Key": 337993265,
        "Jp": "入力したフレンドコードが存在しません。"
    },
    {
        "Key": 2267537515,
        "Jp": "フレンド申請を承認できないユーザーです。"
    },
    {
        "Key": 3587383162,
        "Jp": "リクエストが失敗しました。もう一度お試しください。"
    },
    {
        "Key": 1186923194,
        "Jp": "自分にフレンド申請はできません。"
    },
    {
        "Key": 3964055362,
        "Jp": "自分のフレンドコードです。"
    },
    {
        "Key": 936218380,
        "Jp": "まだ使用していないチケットがあります。\n以下の期間内にチケットを使用してください。"
    },
    {
        "Key": 2100477460,
        "Jp": "★3生徒セレクトチケットがありません。\nチケットを購入したあと、生徒をセレクトすることができます。"
    },
    {
        "Key": 1703914045,
        "Jp": "この商品はアカウントごとに1回のみ購入できます。"
    },
    {
        "Key": 2193719013,
        "Jp": "既にこのボスは倒されています。"
    },
    {
        "Key": 2070149033,
        "Jp": "現在挑戦できない戦闘です。"
    },
    {
        "Key": 1682605423,
        "Jp": "現在挑戦できない戦闘です。"
    },
    {
        "Key": 614842256,
        "Jp": "現在挑戦できない戦闘です。"
    },
    {
        "Key": 866734449,
        "Jp": "現在受け取り可能な期間ではありません。"
    },
    {
        "Key": 2984740428,
        "Jp": "入力可能な最大文字数を超えています。"
    },
    {
        "Key": 3694147787,
        "Jp": "残り時間: {0}"
    },
    {
        "Key": 4050948436,
        "Jp": "同種のシリアルコードは重複使用できません。"
    },
    {
        "Key": 1044115767,
        "Jp": "使用済みのシリアルコードです。"
    },
    {
        "Key": 229924161,
        "Jp": "本日の助っ人編成可能回数をすべて使用しました。"
    },
    {
        "Key": 2896478356,
        "Jp": "すでに編成されている部隊は変更することができません。"
    },
    {
        "Key": 74584359,
        "Jp": "編成不可生徒が含まれています。"
    },
    {
        "Key": 2426984458,
        "Jp": "保有していない背景です。"
    },
    {
        "Key": 4156782493,
        "Jp": "助っ人の生徒だけで戦闘に入場することはできません。"
    },
    {
        "Key": 2239305032,
        "Jp": "味方領域に隣接していないため進めません。"
    },
    {
        "Key": 3597640989,
        "Jp": "無効な助っ人設定です。"
    },
    {
        "Key": 635909163,
        "Jp": "助っ人の生徒だけで戦闘に入場することはできません。"
    },
    {
        "Key": 2898246963,
        "Jp": "保有上限を超えています。\nアイテムを消費してからもう一度お試しください。"
    },
    {
        "Key": 336268343,
        "Jp": "現在のレベルより高い難易度です。挑戦しますか？"
    },
    {
        "Key": 4220524733,
        "Jp": "まだ準備中の難易度です。"
    },
    {
        "Key": 4272144267,
        "Jp": "保有していないステッカーです。"
    },
    {
        "Key": 2679306329,
        "Jp": "保有していないステッカーです。"
    },
    {
        "Key": 14749936,
        "Jp": "スクラップブックの情報がありません。"
    },
    {
        "Key": 4280485597,
        "Jp": "貼付済みのステッカーです。"
    },
    {
        "Key": 2689814996,
        "Jp": "無効なステージです。"
    },
    {
        "Key": 774325742,
        "Jp": "クリア部隊情報が期限切れになりました。"
    },
    {
        "Key": 2003150184,
        "Jp": "フィールド探索のデータが見つかりませんでした。"
    },
    {
        "Key": 468627021,
        "Jp": "対象との相互作用に失敗しました。"
    },
    {
        "Key": 436191477,
        "Jp": "クエストクリアにエラーが発生しました。"
    },
    {
        "Key": 1099196264,
        "Jp": "イベントシーンの変更に失敗しました。"
    },
    {
        "Key": 3719177960,
        "Jp": "フィールド探索の終了に失敗しました。"
    },
    {
        "Key": 3605770317,
        "Jp": "クエストの生成に失敗しました。"
    },
    {
        "Key": 4189976503,
        "Jp": "リプレイ情報のリセットに失敗しました。"
    },
    {
        "Key": 423837306,
        "Jp": "熟練度の増加にエラーが発生しました。"
    },
    {
        "Key": 1281004619,
        "Jp": "戦闘データにエラーが発生しました。"
    },
    {
        "Key": 1535161669,
        "Jp": "戦闘入場に失敗しました。"
    },
    {
        "Key": 617231319,
        "Jp": "フィールド探索イベント期間が終了しました。"
    },
    {
        "Key": 993521222,
        "Jp": "フィールド探索に必要な条件を満たしていません。"
    },
    {
        "Key": 648895849,
        "Jp": "約束をするのに必要な条件を満たしていません。"
    },
    {
        "Key": 616668617,
        "Jp": "鑑賞中のエンディングストーリーがあります。\n「つづきから」を再度お試しください。"
    },
    {
        "Key": 667254186,
        "Jp": "選択可能な最大ステージ数を超えています。"
    },
    {
        "Key": 3892642851,
        "Jp": "リクエストが失敗しました。再試行してください。"
    },
    {
        "Key": 2885117158,
        "Jp": "ユーザー情報を確認できません"
    },
    {
        "Key": 1791868885,
        "Jp": "フレンドを申請できません"
    },
    {
        "Key": 2012934882,
        "Jp": "編成に適用した助っ人の生徒が見つかりませんでした。\n編成内容を更新します"
    },
    {
        "Key": 216576929,
        "Jp": "ブロックリストの人数が最大に達したため、ブロックを設定できません"
    },
    {
        "Key": 1163792356,
        "Jp": "設定可能アイテム数を超えています。"
    },
    {
        "Key": 2012218285,
        "Jp": "シリアルコードの同期中にエラーが発生しました。"
    },
    {
        "Key": 2301337179,
        "Jp": "リクエストが失敗しました。"
    },
    {
        "Key": 4284073730,
        "Jp": "ニックネームの変更が不可能な状態です。"
    },
    {
        "Key": 3094046990,
        "Jp": "挨拶変更が不可能な状態です。"
    },
    {
        "Key": 1319625247,
        "Jp": "呼び名変更が不可能な状態です。"
    },
    {
        "Key": 305394291,
        "Jp": "呼びのプレイが不可能な状態です。"
    },
    {
        "Key": 1248443640,
        "Jp": "訪問可能なカフェがありません。"
    },
    {
        "Key": 963278386,
        "Jp": "このユーザーのカフェには訪問できません。"
    },
    {
        "Key": 1978647219,
        "Jp": "このユーザーのカフェが解禁されていないため、訪問できません。"
    },
    {
        "Key": 1146450388,
        "Jp": "バトルパスは終了しました。"
    },
    {
        "Key": 1803503960,
        "Jp": "このユーザーは配置コピーを許可していません。"
    }
]