[
    {
        "EventID": 60000,
        "DisplayOrder": 10,
        "LocalizeKR": "老师，我等您很久了。"
    },
    {
        "EventID": 60000,
        "DisplayOrder": 20,
        "LocalizeKR": "那事不宜迟，\n我们马上开始吧？"
    },
    {
        "EventID": 60000,
        "DisplayOrder": 30,
        "LocalizeKR": "这是今天的工作内容，\n期待您的表现。"
    },
    {
        "EventID": 60000,
        "DisplayOrder": 40,
        "LocalizeKR": "一切还没结束，"
    },
    {
        "EventID": 60000,
        "DisplayOrder": 50,
        "LocalizeKR": "打起精神继续前进吧。"
    },
    {
        "EventID": 60000,
        "DisplayOrder": 60,
        "LocalizeKR": "终点就在眼前。"
    },
    {
        "EventID": 60000,
        "DisplayOrder": 70,
        "LocalizeKR": "但直到结束之前，\n都请保持上进心。"
    },
    {
        "EventID": 60000,
        "DisplayOrder": 80,
        "LocalizeKR": "顺利结束了。"
    },
    {
        "EventID": 60000,
        "DisplayOrder": 90,
        "LocalizeKR": "请检查一下\n是否有剩余的工作吧。"
    },
    {
        "EventID": 60000,
        "DisplayOrder": 100,
        "LocalizeKR": "不要这么生分嘛。"
    },
    {
        "EventID": 60000,
        "DisplayOrder": 110,
        "LocalizeKR": "……我也是会受伤的哦？"
    },
    {
        "EventID": 60000,
        "DisplayOrder": 120,
        "LocalizeKR": "嗯……不用担心我，"
    },
    {
        "EventID": 60000,
        "DisplayOrder": 130,
        "LocalizeKR": "先去确认一下那边吧，"
    },
    {
        "EventID": 60000,
        "DisplayOrder": 140,
        "LocalizeKR": "都说了不用担心我了……"
    },
    {
        "EventID": 60000,
        "DisplayOrder": 150,
        "LocalizeKR": "嗯，您遇到了什么问题吗？"
    },
    {
        "EventID": 60000,
        "DisplayOrder": 160,
        "LocalizeKR": "因为我是老师的助手，"
    },
    {
        "EventID": 60000,
        "DisplayOrder": 170,
        "LocalizeKR": "所以遇到困难的话，\n请尽管和我说。"
    },
    {
        "EventID": 60000,
        "DisplayOrder": 180,
        "LocalizeKR": "能不能专心一点？"
    },
    {
        "EventID": 60000,
        "DisplayOrder": 190,
        "LocalizeKR": "不，不是说对我，\n是对工作……"
    },
    {
        "EventID": 60000,
        "DisplayOrder": 200,
        "LocalizeKR": "谢谢您帮助我，老师。"
    },
    {
        "EventID": 60000,
        "DisplayOrder": 210,
        "LocalizeKR": "下次也可以请您帮忙吗？"
    },
    {
        "EventID": 60000,
        "DisplayOrder": 220,
        "LocalizeKR": "不要这么生分嘛。"
    },
    {
        "EventID": 60000,
        "DisplayOrder": 230,
        "LocalizeKR": "……我也是会受伤的哦？"
    },
    {
        "EventID": 60000,
        "DisplayOrder": 240,
        "LocalizeKR": "嗯……不用担心我，"
    },
    {
        "EventID": 60000,
        "DisplayOrder": 250,
        "LocalizeKR": "先去确认一下那边吧，"
    },
    {
        "EventID": 60000,
        "DisplayOrder": 260,
        "LocalizeKR": "都说了不用担心我了……"
    },
    {
        "EventID": 60000,
        "DisplayOrder": 270,
        "LocalizeKR": "选择了那个吗？\n原来如此。"
    },
    {
        "EventID": 60000,
        "DisplayOrder": 280,
        "LocalizeKR": "嗯，好的，\n我也没有异议。"
    },
    {
        "EventID": 60000,
        "DisplayOrder": 290,
        "LocalizeKR": "原来如此，\n我认为这个决定很棒。"
    },
    {
        "EventID": 60000,
        "DisplayOrder": 300,
        "LocalizeKR": "原来老师需要这个啊。"
    },
    {
        "EventID": 60000,
        "DisplayOrder": 310,
        "LocalizeKR": "嗯，您遇到了什么问题吗？"
    },
    {
        "EventID": 60000,
        "DisplayOrder": 320,
        "LocalizeKR": "因为我是老师的助手，"
    },
    {
        "EventID": 60000,
        "DisplayOrder": 330,
        "LocalizeKR": "所以遇到困难的话，\n请尽管和我说。"
    },
    {
        "EventID": 60000,
        "DisplayOrder": 340,
        "LocalizeKR": "能不能专心一点？"
    },
    {
        "EventID": 60000,
        "DisplayOrder": 350,
        "LocalizeKR": "不，不是说对我，\n是对工作……"
    },
    {
        "EventID": 60000,
        "DisplayOrder": 360,
        "LocalizeKR": "不要这么生分嘛。"
    },
    {
        "EventID": 60000,
        "DisplayOrder": 370,
        "LocalizeKR": "……我也是会受伤的哦？"
    },
    {
        "EventID": 60000,
        "DisplayOrder": 380,
        "LocalizeKR": "嗯……不用担心我，"
    },
    {
        "EventID": 60000,
        "DisplayOrder": 390,
        "LocalizeKR": "先去确认一下那边吧，"
    },
    {
        "EventID": 60000,
        "DisplayOrder": 400,
        "LocalizeKR": "都说了不用担心我了……"
    },
    {
        "EventID": 60000,
        "DisplayOrder": 410,
        "LocalizeKR": "原来如此，\n您抽到了好东西呢，恭喜。"
    },
    {
        "EventID": 60000,
        "DisplayOrder": 420,
        "LocalizeKR": "啊啊，这个东西很棒呢，\n我可以保证。"
    },
    {
        "EventID": 60000,
        "DisplayOrder": 430,
        "LocalizeKR": "恭喜，\n老师运气果然很好呢。"
    },
    {
        "EventID": 60000,
        "DisplayOrder": 431,
        "LocalizeKR": "……完了吗？\n那我去拿下一张单子"
    },
    {
        "EventID": 60000,
        "DisplayOrder": 440,
        "LocalizeKR": "嗯，您遇到了什么问题吗？"
    },
    {
        "EventID": 60000,
        "DisplayOrder": 450,
        "LocalizeKR": "因为我是老师的助手，"
    },
    {
        "EventID": 60000,
        "DisplayOrder": 460,
        "LocalizeKR": "所以遇到困难的话，\n请尽管和我说。"
    },
    {
        "EventID": 60000,
        "DisplayOrder": 470,
        "LocalizeKR": "能不能专心一点？"
    },
    {
        "EventID": 60000,
        "DisplayOrder": 480,
        "LocalizeKR": "不，不是说对我，\n是对工作……"
    },
    {
        "EventID": 60000,
        "DisplayOrder": 490,
        "LocalizeKR": "不要这么生分嘛。"
    },
    {
        "EventID": 60000,
        "DisplayOrder": 500,
        "LocalizeKR": "……我也是会受伤的哦？"
    },
    {
        "EventID": 60000,
        "DisplayOrder": 510,
        "LocalizeKR": "嗯……不用担心我，"
    },
    {
        "EventID": 60000,
        "DisplayOrder": 520,
        "LocalizeKR": "先去确认一下那边吧，"
    },
    {
        "EventID": 60000,
        "DisplayOrder": 530,
        "LocalizeKR": "都说了不用担心我了……"
    },
    {
        "EventID": 60000,
        "DisplayOrder": 540,
        "LocalizeKR": "不会抽到了那个东西吧……\n老师好厉害。"
    },
    {
        "EventID": 60000,
        "DisplayOrder": 550,
        "LocalizeKR": "唔，还不坏嘛。"
    },
    {
        "EventID": 60000,
        "DisplayOrder": 560,
        "LocalizeKR": "也还不错嘛？"
    },
    {
        "EventID": 60000,
        "DisplayOrder": 570,
        "LocalizeKR": "其他的还有剩，继续吧。"
    },
    {
        "EventID": 60000,
        "DisplayOrder": 580,
        "LocalizeKR": "嗯，您遇到了什么问题吗？"
    },
    {
        "EventID": 60000,
        "DisplayOrder": 590,
        "LocalizeKR": "因为我是老师的助手，"
    },
    {
        "EventID": 60000,
        "DisplayOrder": 600,
        "LocalizeKR": "所以遇到困难的话，\n请尽管和我说。"
    },
    {
        "EventID": 60000,
        "DisplayOrder": 610,
        "LocalizeKR": "能不能专心一点？"
    },
    {
        "EventID": 60000,
        "DisplayOrder": 620,
        "LocalizeKR": "不，不是说对我，\n是对工作……"
    },
    {
        "EventID": 60000,
        "DisplayOrder": 630,
        "LocalizeKR": "不要这么生分嘛。"
    },
    {
        "EventID": 60000,
        "DisplayOrder": 640,
        "LocalizeKR": "……我也是会受伤的哦？"
    },
    {
        "EventID": 60000,
        "DisplayOrder": 650,
        "LocalizeKR": "嗯……不用担心我，"
    },
    {
        "EventID": 60000,
        "DisplayOrder": 660,
        "LocalizeKR": "先去确认一下那边吧，"
    },
    {
        "EventID": 60000,
        "DisplayOrder": 670,
        "LocalizeKR": "都说了不用担心我了……"
    },
    {
        "EventID": 60000,
        "DisplayOrder": 680,
        "LocalizeKR": "嗯，老师您辛苦了。"
    },
    {
        "EventID": 60000,
        "DisplayOrder": 690,
        "LocalizeKR": "这个也解决了呢，谢谢。"
    },
    {
        "EventID": 60000,
        "DisplayOrder": 700,
        "LocalizeKR": "今天的工作就到此结束了。 \n辛苦了。老师。"
    },
    {
        "EventID": 60000,
        "DisplayOrder": 710,
        "LocalizeKR": "嗯，您遇到了什么问题吗？"
    },
    {
        "EventID": 60000,
        "DisplayOrder": 720,
        "LocalizeKR": "因为我是老师的助手，"
    },
    {
        "EventID": 60000,
        "DisplayOrder": 730,
        "LocalizeKR": "所以遇到困难的话，\n请尽管和我说。"
    },
    {
        "EventID": 60000,
        "DisplayOrder": 740,
        "LocalizeKR": "能不能专心一点？"
    },
    {
        "EventID": 60000,
        "DisplayOrder": 750,
        "LocalizeKR": "不，不是说对我，\n是对工作……"
    },
    {
        "EventID": 60000,
        "DisplayOrder": 760,
        "LocalizeKR": "不要这么生分嘛。"
    },
    {
        "EventID": 60000,
        "DisplayOrder": 770,
        "LocalizeKR": "……我也是会受伤的哦？"
    },
    {
        "EventID": 60000,
        "DisplayOrder": 780,
        "LocalizeKR": "嗯……不用担心我，"
    },
    {
        "EventID": 60000,
        "DisplayOrder": 790,
        "LocalizeKR": "先去确认一下那边吧，"
    },
    {
        "EventID": 60000,
        "DisplayOrder": 800,
        "LocalizeKR": "都说了不用担心我了……"
    },
    {
        "EventID": 60000,
        "DisplayOrder": 810,
        "LocalizeKR": "是个好兆头。还不错。"
    },
    {
        "EventID": 60000,
        "DisplayOrder": 820,
        "LocalizeKR": "进展很顺利。继续吧。"
    },
    {
        "EventID": 60000,
        "DisplayOrder": 830,
        "LocalizeKR": "这……倒是出乎意料。"
    },
    {
        "EventID": 60000,
        "DisplayOrder": 840,
        "LocalizeKR": "唔……原来这儿还藏着这种东西啊。"
    },
    {
        "EventID": 60000,
        "DisplayOrder": 850,
        "LocalizeKR": "好了，继续下一个任务吧。"
    },
    {},
    {},
    {},
    {},
    {},
    {},
    {},
    {},
    {},
    {},
    {},
    {},
    {},
    {},
    {},
    {},
    {},
    {},
    {},
    {},
    {},
    {},
    {},
    {},
    {},
    {},
    {},
    {},
    {},
    {},
    {},
    {},
    {
        "EventID": 70000,
        "DisplayOrder": 10190,
        "LocalizeKR": "선생님, 안녕.\n새로운 기지는 어때?"
    },
    {},
    {
        "EventID": 70000,
        "DisplayOrder": 10210,
        "LocalizeKR": "하나씩 해 나가야지."
    },
    {
        "EventID": 70000,
        "DisplayOrder": 10220,
        "LocalizeKR": "어서 와, 선생님.\n뭐든지 말해줘."
    },
    {},
    {
        "EventID": 70000,
        "DisplayOrder": 10240,
        "LocalizeKR": "……그래도 즐거워 \n보였으니까, 괜찮겠지."
    },
    {},
    {
        "EventID": 70000,
        "DisplayOrder": 10260,
        "LocalizeKR": "그게 서로 효율이 좋을 것\n같기도 하고 말이지?"
    },
    {},
    {
        "EventID": 70000,
        "DisplayOrder": 10280,
        "LocalizeKR": "그래서, 여기는 쾌적해서\n마음에 들어."
    },
    {
        "EventID": 70000,
        "DisplayOrder": 10290,
        "LocalizeKR": "고생했어, 선생님.\n그거 좀 보여줄래?"
    },
    {},
    {
        "EventID": 70000,
        "DisplayOrder": 10310,
        "LocalizeKR": "……내 컨디션도 좋아지고."
    },
    {},
    {
        "EventID": 70000,
        "DisplayOrder": 10330,
        "LocalizeKR": "어떤 지형이나 기후에서도"
    },
    {
        "EventID": 70000,
        "DisplayOrder": 10340,
        "LocalizeKR": "완벽한 보좌를 \n약속드리겠습니다."
    },
    {},
    {
        "EventID": 70000,
        "DisplayOrder": 10360,
        "LocalizeKR": "……그렇지 않으면,\n서운합니다."
    },
    {},
    {
        "EventID": 70000,
        "DisplayOrder": 10380,
        "LocalizeKR": "삐지지 않았습니다.\n선생님이 돌아오시면"
    },
    {
        "EventID": 70000,
        "DisplayOrder": 10390,
        "LocalizeKR": "절대로 곁을 떠나지 않겠다는\n생각도 하지 않고 있으니, \n"
    },
    {
        "EventID": 70000,
        "DisplayOrder": 10400,
        "LocalizeKR": "안심하세요."
    },
    {},
    {
        "EventID": 70000,
        "DisplayOrder": 10420,
        "LocalizeKR": "……의미는 없습니다. \n말해본 것뿐입니다."
    },
    {},
    {
        "EventID": 70000,
        "DisplayOrder": 10440,
        "LocalizeKR": "괜찮다고 대답하고 \n있긴 하지만 사실은 추워요."
    },
    {
        "EventID": 70000,
        "DisplayOrder": 10450,
        "LocalizeKR": "그러니까 선생님,\n따뜻하게 해 주십시오."
    },
    {},
    {
        "EventID": 70000,
        "DisplayOrder": 10470,
        "LocalizeKR": "다시 말해서 선생님께\n붙어서 행동하는 것입니다."
    },
    {
        "EventID": 70000,
        "DisplayOrder": 10480,
        "LocalizeKR": "……논리가 이상하다고요?\n선생님도 아직 멀었네요."
    },
    {},
    {
        "EventID": 70000,
        "DisplayOrder": 10500,
        "LocalizeKR": "지금 선생님은\n저에게 집중해야 합니다."
    },
    {
        "EventID": 70000,
        "DisplayOrder": 10510,
        "LocalizeKR": "이유는, 이 자리에 있는\n사람이 선생님과\n저뿐이기 때문입니다."
    },
    {},
    {
        "EventID": 70000,
        "DisplayOrder": 10530,
        "LocalizeKR": "……! ……손이……\n차갑지 않다니……!?"
    },
    {
        "EventID": 70000,
        "DisplayOrder": 10540,
        "LocalizeKR": "큭…… 역시 그때\n선생님의 장갑을\n숨겨 두었어야 했어요."
    },
    {
        "EventID": 70000,
        "DisplayOrder": 10750,
        "LocalizeKR": "여기는 선생님이\n모아 온 것을…….\n분석하는 곳이야. 아마도."
    },
    {
        "EventID": 70000,
        "DisplayOrder": 10760,
        "LocalizeKR": "샘플은 많을수록 좋으니까.\n잘 부탁해."
    },
    {
        "EventID": 70000,
        "DisplayOrder": 10770,
        "LocalizeKR": "딱 맞춰 왔네.\n효율의 중요성,\n선생님도 알게 된 거야?"
    },
    {
        "EventID": 70000,
        "DisplayOrder": 10780,
        "LocalizeKR": "응? 무슨 일이야?"
    },
    {
        "EventID": 70000,
        "DisplayOrder": 10790,
        "LocalizeKR": "……불러본 것뿐이라고?\n왜……?"
    },
    {
        "EventID": 70000,
        "DisplayOrder": 10800,
        "LocalizeKR": "……뭐, 선생님이\n그러고 싶었던 거라면야."
    },
    {
        "EventID": 70000,
        "DisplayOrder": 10810,
        "LocalizeKR": "이걸 가지고, 저걸 하면,\n뭔가가 나온대."
    },
    {
        "EventID": 70000,
        "DisplayOrder": 10820,
        "LocalizeKR": "……나도 잘 모르지만,"
    },
    {
        "EventID": 70000,
        "DisplayOrder": 10830,
        "LocalizeKR": "부장 설명에 의하면 그래."
    },
    {
        "EventID": 70000,
        "DisplayOrder": 10840,
        "LocalizeKR": "분석 중에는 할 일이 별로 없어."
    },
    {
        "EventID": 70000,
        "DisplayOrder": 10850,
        "LocalizeKR": "……선생님\n무릎 위에, 앉아도 돼?"
    },
    {
        "EventID": 70000,
        "DisplayOrder": 10860,
        "LocalizeKR": "체온이 변수가 되어버리니까,"
    },
    {
        "EventID": 70000,
        "DisplayOrder": 10870,
        "LocalizeKR": "분석 중에는 가까이 가지\n말라고 하더라고……"
    },
    {
        "EventID": 70000,
        "DisplayOrder": 10880,
        "LocalizeKR": "알고는 있는데,\n뭔가 서운해."
    },
    {
        "EventID": 70000,
        "DisplayOrder": 10890,
        "LocalizeKR": "이 장소……\n마음에 들어."
    },
    {
        "EventID": 70000,
        "DisplayOrder": 10900,
        "LocalizeKR": "부실 일부를\n여기로 가져오면 안 될까?"
    },
    {
        "EventID": 70000,
        "DisplayOrder": 10910,
        "LocalizeKR": "자, 여기."
    },
    {
        "EventID": 70000,
        "DisplayOrder": 10920,
        "LocalizeKR": "……이런 거,\n'물물교환'이라고 하던가?"
    },
    {
        "EventID": 70000,
        "DisplayOrder": 10930,
        "LocalizeKR": "결과가 나왔네.\n어떤 걸 가져갈래?"
    },
    {
        "EventID": 70000,
        "DisplayOrder": 10940,
        "LocalizeKR": "응. 그거 괜찮아 보여."
    },
    {
        "EventID": 70000,
        "DisplayOrder": 10950,
        "LocalizeKR": "결과물이 더 다양했으면\n좋았을 텐데."
    },
    {
        "EventID": 70000,
        "DisplayOrder": 10960,
        "LocalizeKR": "……지금 상태로도\n충분하다고? 그렇구나."
    },
    {
        "EventID": 70000,
        "DisplayOrder": 10970,
        "LocalizeKR": "잘 모르겠지만,"
    },
    {
        "EventID": 70000,
        "DisplayOrder": 10980,
        "LocalizeKR": "이게 선생님한테\n도움이 됐으면 좋겠어."
    },
    {
        "EventID": 70000,
        "DisplayOrder": 10990,
        "LocalizeKR": "돌아오셨습니까. \n그러면 수집해 주신 샘플을\n이쪽으로 부탁드리겠습니다."
    },
    {
        "EventID": 70000,
        "DisplayOrder": 11000,
        "LocalizeKR": "분석에는 대량의 '물질'이\n필요합니다. 즉, 선생님이\n나설 차례라는 것입니다."
    },
    {
        "EventID": 70000,
        "DisplayOrder": 11010,
        "LocalizeKR": "선생님,\n차라도 드시겠습니까?"
    },
    {
        "EventID": 70000,
        "DisplayOrder": 11020,
        "LocalizeKR": "이것은, 빙하를\n녹인 물로 내린 것입니다."
    },
    {
        "EventID": 70000,
        "DisplayOrder": 11030,
        "LocalizeKR": "……고대의 맛이\n……날지도 모릅니다."
    },
    {
        "EventID": 70000,
        "DisplayOrder": 11040,
        "LocalizeKR": "예전에, 리오 님이\n이것과 비슷한 실험을\n하신 적이 있었습니다."
    },
    {
        "EventID": 70000,
        "DisplayOrder": 11050,
        "LocalizeKR": "이 임무에 조금,\n그리움을 느끼네요."
    },
    {
        "EventID": 70000,
        "DisplayOrder": 11060,
        "LocalizeKR": "선생님은 엄청난 것을\n훔쳐 갔습니다……\n그것은…… 제 마음입니다."
    },
    {
        "EventID": 70000,
        "DisplayOrder": 11070,
        "LocalizeKR": "……그렇게 당황하지\n말아 주십시오.\n말해본 것뿐이니까요, 네."
    },
    {
        "EventID": 70000,
        "DisplayOrder": 11080,
        "LocalizeKR": "……'그걸' 해줬으면\n좋겠다구요? 정말,\n괜찮으시겠습니까……?"
    },
    {
        "EventID": 70000,
        "DisplayOrder": 11090,
        "LocalizeKR": "알겠습니다…… 뿅."
    },
    {
        "EventID": 70000,
        "DisplayOrder": 11100,
        "LocalizeKR": "지금 샘플을 분석하는\n중입니다. 즉, 저는\n한가하다는 것입니다."
    },
    {
        "EventID": 70000,
        "DisplayOrder": 11110,
        "LocalizeKR": "……무엇을 하셔야 할지,\n선생님이라면 아시겠죠?"
    },
    {
        "EventID": 70000,
        "DisplayOrder": 11120,
        "LocalizeKR": "무슨 일이 있어도\n선생님을 지키겠습니다."
    },
    {
        "EventID": 70000,
        "DisplayOrder": 11130,
        "LocalizeKR": "그것만이, 제가 여기에\n있는 이유이기 때문에."
    },
    {
        "EventID": 70000,
        "DisplayOrder": 11140,
        "LocalizeKR": "좋은 선택이십니다."
    },
    {
        "EventID": 70000,
        "DisplayOrder": 11150,
        "LocalizeKR": "저도 그것이\n좋다고 생각합니다."
    },
    {
        "EventID": 70000,
        "DisplayOrder": 11160,
        "LocalizeKR": "선생님께 도움이 된다면\n여기 있습니다.\n자유롭게 가져가세요."
    },
    {
        "EventID": 70000,
        "DisplayOrder": 11170,
        "LocalizeKR": "선생님이 선택한 것이니,\n가치가 있음에 틀림없습니다."
    },
    {
        "EventID": 70000,
        "DisplayOrder": 11180,
        "LocalizeKR": "물론 저에게는\n미치지 못합니다만."
    },
    {
        "EventID": 70000,
        "DisplayOrder": 11190,
        "LocalizeKR": "바로 준비하겠습니다.\n조금만 기다려주십시오."
    },
    {},
    {
        "EventID": 70000,
        "DisplayOrder": 11470,
        "LocalizeKR": "잘 부탁할게. 선생."
    },
    {},
    {
        "EventID": 70000,
        "DisplayOrder": 11490,
        "LocalizeKR": "그야말로\n합리적인 행동이야."
    },
    {},
    {
        "EventID": 70000,
        "DisplayOrder": 11510,
        "LocalizeKR": "아니,\n우리들의 기지구나."
    },
    {},
    {
        "EventID": 70000,
        "DisplayOrder": 11530,
        "LocalizeKR": "선생과 이렇게……\n같은 작전을\n수행한다는 것이."
    },
    {},
    {
        "EventID": 70000,
        "DisplayOrder": 11550,
        "LocalizeKR": "다들 너무 나를\n스스럼없이 대해 줘서……"
    },
    {
        "EventID": 70000,
        "DisplayOrder": 11560,
        "LocalizeKR": "싫다는 건,\n아니긴 한데……"
    },
    {},
    {
        "EventID": 70000,
        "DisplayOrder": 11580,
        "LocalizeKR": "미안해. 나는 아직 그런 부분을\n잘 모르는 것 같아."
    },
    {},
    {
        "EventID": 70000,
        "DisplayOrder": 11600,
        "LocalizeKR": "그런 합리적이지 못한\n행동, 자제하는 게\n좋을 거야."
    },
    {
        "EventID": 70000,
        "DisplayOrder": 11610,
        "LocalizeKR": "그…… 싫은 건,\n아닌데 말야……"
    },
    {},
    {
        "EventID": 70000,
        "DisplayOrder": 11630,
        "LocalizeKR": "지금은…… 아직 배울\n것이 남아 있다고\n생각 중이고."
    },
    {
        "EventID": 70000,
        "DisplayOrder": 11640,
        "LocalizeKR": "신기하네. 이것도\n어떻게 보면\n선생 덕분인 걸까."
    },
    {
        "EventID": 70000,
        "DisplayOrder": 11650,
        "LocalizeKR": "히마리에게서\n인수인계는 받았어."
    },
    {
        "EventID": 70000,
        "DisplayOrder": 11660,
        "LocalizeKR": "말하자면…… 여기저기에\n이름없는 신들의 힘에 의한,"
    },
    {
        "EventID": 70000,
        "DisplayOrder": 11670,
        "LocalizeKR": "수수께끼의 물질들이\n발견되는 상황인 거네."
    },
    {
        "EventID": 70000,
        "DisplayOrder": 11680,
        "LocalizeKR": "우리에겐 샘플이 필요한\n상황이지. 그것으로 재보급\n역시 가능할 것 같고."
    },
    {
        "EventID": 70000,
        "DisplayOrder": 11690,
        "LocalizeKR": "왔구나, 선생.\n샘플의 양은 어느 정도야?"
    },
    {
        "EventID": 70000,
        "DisplayOrder": 11700,
        "LocalizeKR": "협력, 고마워."
    },
    {
        "EventID": 70000,
        "DisplayOrder": 11710,
        "LocalizeKR": "수수께끼의 물질들을 분석\n중이야. 거기에서 결과물을\n생산하고 있지."
    },
    {
        "EventID": 70000,
        "DisplayOrder": 11720,
        "LocalizeKR": "그건 그렇고 이 장치,\n열기가 엄청나네……"
    },
    {
        "EventID": 70000,
        "DisplayOrder": 11730,
        "LocalizeKR": "에이미는 조금\n힘들어할 것 같아."
    },
    {
        "EventID": 70000,
        "DisplayOrder": 11740,
        "LocalizeKR": "이 장치의 작동 구조에\n대해서는 불만 없어."
    },
    {
        "EventID": 70000,
        "DisplayOrder": 11750,
        "LocalizeKR": "의외라고? 후후.\n나라고 해도 인정할 것은\n인정할 줄 알아."
    },
    {
        "EventID": 70000,
        "DisplayOrder": 11760,
        "LocalizeKR": "단지, 디자인만\n조금 더, 어떻게……"
    },
    {
        "EventID": 70000,
        "DisplayOrder": 11770,
        "LocalizeKR": "나에게 말을 걸어도\n바뀌는 것은 없을 거야."
    },
    {
        "EventID": 70000,
        "DisplayOrder": 11780,
        "LocalizeKR": "응? 내 표정이 바뀌는 걸\n볼 수 있다고?"
    },
    {
        "EventID": 70000,
        "DisplayOrder": 11790,
        "LocalizeKR": "……이해했어. 이래서 선생을\n가끔 심술궃다고 하는구나……"
    },
    {
        "EventID": 70000,
        "DisplayOrder": 11800,
        "LocalizeKR": "그게 이번\n분석의 결과물이야."
    },
    {
        "EventID": 70000,
        "DisplayOrder": 11810,
        "LocalizeKR": "어서 오세요,\n어떤 걸로 하시겠습니까?"
    },
    {
        "EventID": 70000,
        "DisplayOrder": 11820,
        "LocalizeKR": "……흉내 내본 것뿐이야.\n지금 건 잊어줘."
    },
    {
        "EventID": 70000,
        "DisplayOrder": 11830,
        "LocalizeKR": "아주 오래전에는\n이렇게, 물건과 물건을\n교환했다고 하지."
    },
    {
        "EventID": 70000,
        "DisplayOrder": 11840,
        "LocalizeKR": "어떤 의미로는,\n과거로 돌아간 느낌이네."
    },
    {
        "EventID": 70000,
        "DisplayOrder": 11850,
        "LocalizeKR": "합리적으로\n보이는 결과물이네.\n좋은 선택이야."
    },
    {
        "EventID": 70000,
        "DisplayOrder": 11860,
        "LocalizeKR": "결과가 나왔어.\n무엇을 선택할지는,\n선생에게 맡길게."
    },
    {},
    {},
    {},
    {},
    {},
    {},
    {},
    {},
    {},
    {},
    {},
    {},
    {},
    {},
    {},
    {},
    {},
    {},
    {},
    {},
    {},
    {},
    {},
    {},
    {},
    {},
    {},
    {},
    {},
    {},
    {},
    {},
    {},
    {},
    {},
    {},
    {},
    {},
    {},
    {},
    {},
    {},
    {},
    {},
    {},
    {},
    {},
    {},
    {},
    {},
    {},
    {},
    {},
    {},
    {},
    {},
    {},
    {},
    {},
    {},
    {},
    {},
    {},
    {},
    {},
    {},
    {},
    {},
    {},
    {},
    {},
    {},
    {},
    {},
    {},
    {},
    {},
    {},
    {},
    {},
    {},
    {},
    {},
    {},
    {},
    {},
    {},
    {},
    {},
    {},
    {},
    {},
    {},
    {},
    {},
    {},
    {},
    {},
    {},
    {},
    {},
    {},
    {},
    {},
    {},
    {},
    {},
    {},
    {},
    {},
    {},
    {},
    {},
    {},
    {},
    {},
    {},
    {},
    {},
    {},
    {},
    {},
    {},
    {},
    {},
    {},
    {},
    {},
    {},
    {},
    {},
    {},
    {},
    {},
    {},
    {},
    {},
    {},
    {},
    {},
    {},
    {},
    {},
    {},
    {},
    {},
    {},
    {},
    {},
    {},
    {},
    {},
    {},
    {},
    {},
    {},
    {},
    {},
    {},
    {},
    {},
    {},
    {},
    {},
    {},
    {},
    {},
    {},
    {},
    {},
    {},
    {},
    {},
    {},
    {},
    {},
    {},
    {},
    {},
    {},
    {},
    {},
    {},
    {},
    {},
    {},
    {},
    {},
    {},
    {},
    {},
    {},
    {},
    {},
    {},
    {},
    {},
    {},
    {},
    {},
    {},
    {},
    {},
    {},
    {},
    {},
    {},
    {},
    {},
    {},
    {},
    {},
    {},
    {},
    {},
    {},
    {},
    {},
    {},
    {},
    {},
    {},
    {},
    {},
    {},
    {},
    {},
    {},
    {},
    {},
    {},
    {},
    {},
    {},
    {},
    {},
    {},
    {},
    {},
    {},
    {},
    {},
    {},
    {},
    {},
    {},
    {},
    {},
    {},
    {},
    {},
    {},
    {},
    {},
    {},
    {},
    {},
    {},
    {},
    {},
    {},
    {},
    {},
    {},
    {},
    {},
    {},
    {},
    {},
    {},
    {},
    {},
    {},
    {},
    {},
    {},
    {},
    {},
    {},
    {},
    {},
    {},
    {},
    {},
    {},
    {},
    {},
    {},
    {},
    {},
    {},
    {},
    {},
    {},
    {},
    {},
    {},
    {},
    {},
    {},
    {},
    {},
    {},
    {},
    {},
    {},
    {},
    {},
    {},
    {},
    {},
    {},
    {},
    {},
    {},
    {},
    {},
    {},
    {},
    {},
    {},
    {},
    {},
    {},
    {},
    {},
    {},
    {},
    {},
    {},
    {},
    {},
    {},
    {},
    {},
    {},
    {},
    {},
    {},
    {},
    {},
    {},
    {},
    {},
    {},
    {},
    {},
    {},
    {},
    {},
    {},
    {},
    {},
    {},
    {},
    {},
    {},
    {},
    {},
    {},
    {},
    {},
    {},
    {},
    {},
    {},
    {},
    {},
    {},
    {},
    {},
    {},
    {},
    {},
    {},
    {},
    {},
    {},
    {},
    {},
    {},
    {},
    {},
    {},
    {},
    {},
    {},
    {},
    {},
    {},
    {},
    {},
    {},
    {},
    {},
    {},
    {},
    {},
    {},
    {},
    {},
    {},
    {},
    {},
    {},
    {},
    {},
    {},
    {},
    {},
    {},
    {},
    {},
    {},
    {},
    {},
    {},
    {},
    {},
    {},
    {},
    {},
    {},
    {},
    {},
    {},
    {},
    {},
    {},
    {},
    {},
    {},
    {},
    {},
    {},
    {},
    {},
    {},
    {},
    {},
    {},
    {},
    {},
    {},
    {},
    {},
    {},
    {},
    {},
    {},
    {},
    {},
    {},
    {},
    {},
    {},
    {},
    {},
    {},
    {},
    {},
    {},
    {},
    {},
    {},
    {},
    {},
    {},
    {},
    {},
    {},
    {},
    {},
    {},
    {},
    {},
    {},
    {},
    {},
    {},
    {},
    {},
    {},
    {},
    {},
    {},
    {},
    {},
    {},
    {},
    {},
    {},
    {},
    {},
    {},
    {},
    {},
    {},
    {},
    {},
    {},
    {},
    {},
    {},
    {},
    {},
    {},
    {},
    {},
    {},
    {},
    {},
    {},
    {},
    {},
    {},
    {},
    {},
    {},
    {},
    {},
    {},
    {},
    {},
    {},
    {},
    {},
    {},
    {},
    {},
    {},
    {},
    {},
    {},
    {},
    {},
    {},
    {},
    {},
    {},
    {},
    {},
    {},
    {},
    {},
    {},
    {},
    {},
    {},
    {},
    {},
    {},
    {},
    {},
    {},
    {},
    {},
    {},
    {},
    {},
    {},
    {},
    {},
    {},
    {},
    {},
    {},
    {},
    {},
    {},
    {},
    {},
    {},
    {},
    {},
    {},
    {},
    {},
    {},
    {},
    {},
    {},
    {},
    {},
    {},
    {},
    {},
    {},
    {},
    {},
    {},
    {},
    {},
    {},
    {},
    {},
    {},
    {},
    {},
    {},
    {},
    {},
    {},
    {},
    {},
    {},
    {},
    {},
    {},
    {},
    {},
    {},
    {},
    {},
    {},
    {},
    {},
    {},
    {},
    {},
    {},
    {},
    {},
    {},
    {},
    {},
    {},
    {},
    {},
    {},
    {},
    {},
    {},
    {},
    {},
    {},
    {},
    {},
    {},
    {},
    {},
    {},
    {},
    {},
    {},
    {},
    {},
    {},
    {},
    {},
    {},
    {},
    {},
    {},
    {},
    {},
    {},
    {},
    {},
    {},
    {},
    {},
    {},
    {},
    {},
    {},
    {},
    {},
    {},
    {},
    {},
    {},
    {},
    {},
    {},
    {},
    {},
    {},
    {},
    {},
    {},
    {},
    {},
    {},
    {},
    {},
    {},
    {},
    {},
    {},
    {},
    {},
    {},
    {},
    {},
    {},
    {},
    {},
    {},
    {},
    {},
    {},
    {},
    {},
    {},
    {},
    {},
    {},
    {},
    {},
    {},
    {},
    {},
    {},
    {},
    {},
    {},
    {},
    {},
    {},
    {},
    {},
    {},
    {},
    {},
    {},
    {},
    {},
    {},
    {},
    {},
    {},
    {},
    {},
    {},
    {},
    {},
    {},
    {},
    {},
    {},
    {},
    {},
    {},
    {},
    {},
    {},
    {},
    {},
    {},
    {},
    {},
    {},
    {},
    {},
    {},
    {},
    {},
    {},
    {},
    {},
    {},
    {},
    {},
    {},
    {},
    {},
    {},
    {},
    {},
    {},
    {},
    {},
    {},
    {},
    {},
    {},
    {},
    {},
    {},
    {},
    {},
    {},
    {},
    {},
    {},
    {},
    {},
    {},
    {},
    {},
    {},
    {},
    {},
    {},
    {},
    {},
    {},
    {},
    {},
    {},
    {},
    {},
    {},
    {},
    {},
    {},
    {},
    {},
    {},
    {},
    {},
    {},
    {},
    {},
    {},
    {},
    {},
    {},
    {},
    {},
    {},
    {},
    {},
    {},
    {},
    {},
    {},
    {},
    {},
    {},
    {},
    {},
    {},
    {},
    {},
    {},
    {},
    {},
    {},
    {},
    {},
    {},
    {},
    {},
    {},
    {},
    {},
    {},
    {},
    {},
    {},
    {},
    {},
    {},
    {},
    {},
    {},
    {},
    {},
    {},
    {},
    {},
    {},
    {},
    {},
    {},
    {},
    {},
    {},
    {},
    {},
    {},
    {},
    {},
    {},
    {},
    {},
    {},
    {},
    {},
    {},
    {},
    {},
    {},
    {},
    {},
    {},
    {},
    {},
    {},
    {},
    {},
    {},
    {},
    {},
    {},
    {},
    {},
    {},
    {},
    {},
    {},
    {},
    {},
    {},
    {},
    {},
    {},
    {},
    {},
    {},
    {},
    {},
    {},
    {},
    {},
    {},
    {},
    {},
    {},
    {},
    {},
    {},
    {},
    {},
    {},
    {},
    {},
    {},
    {},
    {},
    {},
    {},
    {},
    {},
    {},
    {},
    {},
    {},
    {},
    {},
    {},
    {},
    {},
    {},
    {},
    {},
    {},
    {},
    {},
    {},
    {},
    {},
    {},
    {},
    {},
    {},
    {},
    {},
    {},
    {},
    {},
    {},
    {},
    {},
    {},
    {},
    {},
    {},
    {},
    {},
    {},
    {},
    {},
    {},
    {},
    {},
    {},
    {},
    {},
    {},
    {},
    {},
    {},
    {},
    {},
    {},
    {},
    {},
    {},
    {},
    {},
    {},
    {},
    {},
    {},
    {},
    {},
    {},
    {},
    {},
    {},
    {},
    {},
    {},
    {},
    {},
    {},
    {},
    {},
    {},
    {},
    {},
    {},
    {},
    {},
    {},
    {},
    {},
    {},
    {},
    {},
    {},
    {},
    {},
    {},
    {},
    {},
    {},
    {},
    {},
    {},
    {},
    {},
    {},
    {},
    {},
    {},
    {},
    {},
    {},
    {},
    {},
    {},
    {},
    {},
    {},
    {},
    {},
    {},
    {},
    {},
    {},
    {},
    {},
    {},
    {},
    {},
    {},
    {},
    {},
    {},
    {},
    {},
    {},
    {},
    {},
    {},
    {},
    {},
    {},
    {},
    {},
    {},
    {},
    {},
    {},
    {},
    {},
    {},
    {},
    {},
    {},
    {},
    {},
    {},
    {},
    {},
    {},
    {},
    {},
    {},
    {},
    {},
    {},
    {},
    {},
    {},
    {},
    {},
    {},
    {},
    {},
    {},
    {},
    {},
    {},
    {},
    {},
    {},
    {},
    {},
    {},
    {},
    {},
    {},
    {},
    {},
    {},
    {},
    {},
    {},
    {},
    {},
    {},
    {},
    {},
    {},
    {},
    {},
    {},
    {},
    {},
    {},
    {},
    {},
    {},
    {},
    {},
    {},
    {},
    {},
    {},
    {},
    {},
    {},
    {},
    {},
    {},
    {},
    {},
    {},
    {},
    {},
    {},
    {},
    {},
    {},
    {},
    {},
    {},
    {},
    {},
    {},
    {},
    {},
    {},
    {},
    {},
    {},
    {},
    {},
    {},
    {},
    {},
    {},
    {},
    {},
    {},
    {},
    {},
    {},
    {},
    {},
    {},
    {},
    {},
    {},
    {},
    {},
    {},
    {},
    {},
    {},
    {},
    {},
    {},
    {},
    {},
    {},
    {},
    {},
    {},
    {},
    {},
    {},
    {},
    {},
    {},
    {},
    {},
    {},
    {},
    {},
    {},
    {},
    {},
    {},
    {},
    {},
    {},
    {},
    {},
    {},
    {},
    {},
    {},
    {},
    {},
    {},
    {},
    {},
    {},
    {},
    {},
    {},
    {},
    {},
    {},
    {},
    {},
    {},
    {},
    {},
    {},
    {},
    {},
    {},
    {},
    {},
    {},
    {},
    {},
    {},
    {},
    {},
    {},
    {},
    {},
    {},
    {},
    {},
    {},
    {},
    {},
    {},
    {},
    {},
    {},
    {},
    {},
    {},
    {},
    {},
    {},
    {},
    {},
    {},
    {},
    {},
    {},
    {},
    {},
    {},
    {},
    {},
    {},
    {},
    {},
    {},
    {},
    {},
    {},
    {},
    {},
    {},
    {},
    {},
    {},
    {},
    {},
    {},
    {},
    {},
    {},
    {},
    {},
    {},
    {},
    {},
    {},
    {},
    {},
    {},
    {},
    {},
    {},
    {},
    {},
    {},
    {},
    {},
    {},
    {},
    {},
    {},
    {},
    {},
    {},
    {},
    {},
    {},
    {},
    {},
    {},
    {},
    {},
    {},
    {},
    {},
    {},
    {},
    {},
    {},
    {},
    {},
    {},
    {},
    {},
    {},
    {},
    {},
    {},
    {},
    {},
    {},
    {},
    {},
    {},
    {},
    {},
    {},
    {},
    {},
    {},
    {},
    {},
    {},
    {},
    {},
    {},
    {},
    {},
    {},
    {},
    {},
    {},
    {},
    {},
    {},
    {},
    {},
    {},
    {},
    {},
    {},
    {},
    {},
    {},
    {},
    {},
    {},
    {},
    {},
    {},
    {},
    {},
    {},
    {},
    {},
    {},
    {},
    {},
    {},
    {},
    {},
    {},
    {},
    {},
    {},
    {},
    {},
    {},
    {},
    {},
    {},
    {},
    {},
    {},
    {},
    {},
    {},
    {},
    {},
    {},
    {},
    {},
    {},
    {},
    {},
    {},
    {},
    {},
    {},
    {},
    {},
    {},
    {},
    {},
    {},
    {},
    {},
    {},
    {},
    {},
    {},
    {},
    {},
    {},
    {},
    {},
    {},
    {},
    {},
    {},
    {},
    {},
    {},
    {},
    {},
    {},
    {},
    {},
    {},
    {},
    {},
    {},
    {},
    {},
    {},
    {},
    {},
    {},
    {},
    {},
    {},
    {},
    {},
    {},
    {},
    {},
    {},
    {},
    {},
    {},
    {},
    {},
    {},
    {},
    {},
    {},
    {},
    {},
    {},
    {},
    {},
    {},
    {},
    {},
    {},
    {},
    {},
    {},
    {},
    {},
    {},
    {},
    {},
    {},
    {},
    {},
    {},
    {},
    {},
    {},
    {},
    {},
    {},
    {},
    {},
    {},
    {},
    {},
    {},
    {},
    {},
    {},
    {},
    {},
    {},
    {},
    {},
    {},
    {},
    {},
    {},
    {},
    {},
    {},
    {},
    {},
    {},
    {},
    {},
    {},
    {},
    {},
    {},
    {},
    {},
    {},
    {},
    {},
    {},
    {},
    {},
    {},
    {},
    {},
    {},
    {},
    {},
    {},
    {},
    {},
    {},
    {},
    {},
    {},
    {},
    {},
    {},
    {},
    {},
    {},
    {},
    {},
    {},
    {},
    {},
    {},
    {},
    {},
    {},
    {},
    {},
    {},
    {},
    {},
    {},
    {},
    {},
    {},
    {},
    {},
    {},
    {},
    {},
    {},
    {},
    {},
    {},
    {},
    {},
    {},
    {},
    {},
    {},
    {},
    {},
    {},
    {},
    {},
    {},
    {},
    {},
    {},
    {},
    {},
    {},
    {},
    {},
    {},
    {},
    {},
    {},
    {},
    {},
    {},
    {},
    {},
    {},
    {},
    {},
    {},
    {},
    {},
    {},
    {},
    {},
    {},
    {},
    {},
    {},
    {},
    {},
    {},
    {},
    {},
    {},
    {},
    {},
    {},
    {},
    {},
    {},
    {},
    {},
    {},
    {},
    {},
    {},
    {},
    {},
    {},
    {},
    {},
    {},
    {},
    {},
    {},
    {},
    {},
    {},
    {},
    {},
    {},
    {},
    {},
    {},
    {},
    {},
    {},
    {},
    {},
    {},
    {},
    {},
    {},
    {},
    {},
    {},
    {},
    {},
    {},
    {},
    {},
    {},
    {},
    {},
    {},
    {},
    {},
    {},
    {},
    {},
    {},
    {},
    {},
    {},
    {},
    {},
    {},
    {},
    {},
    {},
    {},
    {},
    {},
    {},
    {},
    {},
    {},
    {},
    {},
    {},
    {},
    {},
    {},
    {},
    {},
    {},
    {},
    {},
    {},
    {},
    {},
    {},
    {},
    {},
    {},
    {},
    {},
    {},
    {},
    {},
    {},
    {},
    {},
    {},
    {},
    {},
    {},
    {},
    {},
    {},
    {},
    {},
    {},
    {},
    {},
    {},
    {},
    {},
    {},
    {},
    {},
    {},
    {},
    {},
    {},
    {},
    {},
    {},
    {},
    {},
    {},
    {},
    {},
    {},
    {},
    {},
    {},
    {},
    {},
    {},
    {},
    {},
    {},
    {},
    {},
    {},
    {},
    {},
    {},
    {},
    {},
    {},
    {},
    {},
    {},
    {},
    {},
    {},
    {},
    {},
    {},
    {},
    {},
    {},
    {},
    {},
    {},
    {},
    {},
    {},
    {},
    {},
    {},
    {},
    {},
    {},
    {},
    {},
    {},
    {},
    {},
    {},
    {},
    {},
    {},
    {},
    {},
    {},
    {},
    {},
    {},
    {},
    {},
    {},
    {},
    {},
    {},
    {},
    {},
    {},
    {},
    {},
    {},
    {},
    {},
    {},
    {},
    {},
    {},
    {},
    {},
    {},
    {},
    {},
    {},
    {},
    {},
    {},
    {},
    {},
    {},
    {},
    {},
    {},
    {},
    {},
    {},
    {},
    {},
    {},
    {},
    {},
    {},
    {},
    {},
    {},
    {},
    {},
    {},
    {},
    {},
    {},
    {},
    {},
    {},
    {},
    {},
    {},
    {},
    {},
    {},
    {},
    {},
    {},
    {},
    {},
    {},
    {},
    {},
    {},
    {},
    {},
    {},
    {},
    {},
    {},
    {},
    {},
    {},
    {},
    {},
    {},
    {},
    {},
    {},
    {},
    {},
    {},
    {},
    {},
    {},
    {},
    {},
    {},
    {},
    {},
    {},
    {},
    {},
    {},
    {},
    {},
    {},
    {},
    {},
    {},
    {},
    {},
    {},
    {},
    {},
    {},
    {},
    {},
    {},
    {},
    {},
    {},
    {},
    {},
    {},
    {},
    {},
    {},
    {},
    {},
    {},
    {},
    {},
    {},
    {},
    {},
    {},
    {},
    {},
    {},
    {},
    {},
    {},
    {},
    {},
    {},
    {},
    {},
    {},
    {},
    {},
    {},
    {},
    {},
    {},
    {},
    {},
    {},
    {},
    {},
    {},
    {},
    {},
    {},
    {},
    {},
    {},
    {},
    {},
    {},
    {},
    {},
    {},
    {},
    {},
    {},
    {},
    {},
    {},
    {},
    {},
    {},
    {},
    {},
    {},
    {},
    {},
    {},
    {},
    {},
    {},
    {},
    {},
    {},
    {},
    {},
    {},
    {},
    {},
    {},
    {},
    {},
    {},
    {},
    {},
    {},
    {},
    {},
    {},
    {},
    {},
    {},
    {},
    {},
    {},
    {},
    {},
    {},
    {},
    {},
    {},
    {},
    {},
    {},
    {},
    {},
    {},
    {},
    {},
    {},
    {},
    {},
    {},
    {},
    {},
    {},
    {},
    {},
    {},
    {},
    {},
    {},
    {},
    {},
    {},
    {},
    {},
    {},
    {},
    {},
    {},
    {},
    {},
    {},
    {},
    {},
    {},
    {},
    {},
    {},
    {},
    {},
    {},
    {},
    {},
    {},
    {},
    {},
    {},
    {},
    {},
    {},
    {},
    {},
    {},
    {},
    {},
    {},
    {},
    {},
    {},
    {},
    {},
    {},
    {},
    {},
    {},
    {},
    {},
    {},
    {},
    {},
    {},
    {},
    {},
    {},
    {},
    {},
    {},
    {},
    {},
    {},
    {},
    {},
    {},
    {},
    {},
    {},
    {},
    {},
    {},
    {},
    {},
    {},
    {},
    {},
    {},
    {},
    {},
    {},
    {},
    {},
    {},
    {},
    {},
    {},
    {},
    {},
    {},
    {},
    {},
    {},
    {},
    {},
    {},
    {},
    {},
    {},
    {},
    {},
    {},
    {},
    {},
    {},
    {},
    {},
    {},
    {},
    {},
    {},
    {},
    {},
    {},
    {},
    {},
    {},
    {},
    {},
    {},
    {},
    {},
    {},
    {},
    {},
    {},
    {},
    {},
    {},
    {},
    {},
    {},
    {},
    {},
    {},
    {},
    {},
    {},
    {},
    {},
    {},
    {},
    {},
    {},
    {},
    {},
    {},
    {},
    {},
    {},
    {},
    {},
    {},
    {},
    {},
    {},
    {},
    {},
    {},
    {},
    {},
    {},
    {},
    {},
    {},
    {},
    {},
    {},
    {},
    {},
    {},
    {},
    {},
    {},
    {},
    {},
    {},
    {},
    {},
    {},
    {},
    {},
    {},
    {},
    {},
    {},
    {},
    {},
    {},
    {},
    {},
    {},
    {},
    {},
    {},
    {},
    {},
    {},
    {},
    {},
    {},
    {},
    {},
    {},
    {},
    {},
    {},
    {},
    {},
    {},
    {},
    {},
    {},
    {},
    {},
    {},
    {},
    {},
    {},
    {},
    {},
    {},
    {},
    {},
    {},
    {},
    {},
    {},
    {},
    {},
    {},
    {},
    {},
    {},
    {},
    {},
    {},
    {},
    {},
    {},
    {},
    {},
    {},
    {},
    {},
    {},
    {},
    {},
    {},
    {},
    {},
    {},
    {},
    {},
    {},
    {},
    {},
    {},
    {},
    {},
    {},
    {},
    {},
    {},
    {},
    {},
    {},
    {},
    {},
    {},
    {},
    {},
    {},
    {},
    {},
    {},
    {},
    {},
    {},
    {},
    {},
    {},
    {},
    {},
    {},
    {},
    {},
    {},
    {},
    {},
    {},
    {},
    {},
    {},
    {},
    {},
    {},
    {},
    {},
    {},
    {},
    {},
    {},
    {},
    {},
    {},
    {},
    {},
    {},
    {},
    {},
    {},
    {},
    {},
    {},
    {},
    {},
    {},
    {},
    {},
    {},
    {},
    {},
    {},
    {},
    {},
    {},
    {},
    {},
    {},
    {},
    {},
    {},
    {},
    {},
    {},
    {},
    {},
    {},
    {},
    {},
    {},
    {},
    {},
    {},
    {},
    {},
    {},
    {},
    {},
    {},
    {},
    {},
    {},
    {},
    {},
    {},
    {},
    {},
    {},
    {},
    {},
    {},
    {},
    {},
    {},
    {},
    {},
    {},
    {},
    {},
    {},
    {},
    {},
    {},
    {},
    {},
    {},
    {},
    {},
    {},
    {},
    {},
    {},
    {},
    {},
    {},
    {},
    {},
    {},
    {},
    {},
    {},
    {},
    {},
    {},
    {},
    {},
    {},
    {},
    {},
    {},
    {},
    {},
    {},
    {},
    {},
    {},
    {},
    {},
    {},
    {},
    {},
    {},
    {},
    {},
    {},
    {},
    {},
    {},
    {},
    {},
    {},
    {},
    {},
    {},
    {},
    {},
    {},
    {},
    {},
    {},
    {},
    {},
    {},
    {},
    {},
    {},
    {},
    {},
    {},
    {},
    {},
    {},
    {},
    {},
    {},
    {},
    {},
    {},
    {},
    {},
    {},
    {},
    {},
    {},
    {},
    {},
    {},
    {},
    {},
    {},
    {},
    {},
    {},
    {},
    {},
    {},
    {},
    {},
    {},
    {},
    {},
    {},
    {},
    {},
    {},
    {},
    {},
    {},
    {},
    {},
    {},
    {},
    {},
    {},
    {},
    {},
    {},
    {},
    {},
    {},
    {},
    {},
    {},
    {},
    {},
    {},
    {},
    {},
    {},
    {},
    {},
    {},
    {},
    {},
    {},
    {},
    {},
    {},
    {},
    {},
    {},
    {},
    {},
    {},
    {},
    {},
    {},
    {},
    {},
    {},
    {},
    {},
    {},
    {},
    {},
    {},
    {},
    {},
    {},
    {},
    {},
    {},
    {},
    {},
    {},
    {},
    {},
    {},
    {},
    {},
    {},
    {},
    {},
    {},
    {},
    {},
    {},
    {},
    {},
    {},
    {},
    {},
    {},
    {},
    {},
    {},
    {},
    {},
    {},
    {},
    {},
    {},
    {},
    {},
    {},
    {},
    {},
    {},
    {},
    {},
    {},
    {},
    {},
    {},
    {},
    {},
    {},
    {},
    {},
    {},
    {},
    {},
    {},
    {},
    {},
    {},
    {},
    {},
    {},
    {},
    {},
    {},
    {},
    {},
    {},
    {},
    {},
    {},
    {},
    {},
    {},
    {},
    {},
    {},
    {},
    {},
    {},
    {},
    {},
    {},
    {},
    {},
    {},
    {},
    {},
    {},
    {},
    {},
    {},
    {},
    {},
    {},
    {},
    {},
    {},
    {},
    {},
    {},
    {},
    {},
    {},
    {},
    {},
    {},
    {},
    {},
    {},
    {},
    {},
    {},
    {},
    {},
    {},
    {},
    {},
    {},
    {},
    {},
    {},
    {},
    {},
    {},
    {},
    {},
    {},
    {},
    {},
    {},
    {},
    {},
    {},
    {},
    {},
    {},
    {},
    {},
    {},
    {},
    {},
    {},
    {},
    {},
    {},
    {},
    {},
    {},
    {},
    {},
    {},
    {},
    {},
    {},
    {},
    {},
    {},
    {},
    {},
    {},
    {},
    {},
    {},
    {},
    {},
    {},
    {},
    {},
    {},
    {},
    {},
    {},
    {},
    {},
    {},
    {},
    {},
    {},
    {},
    {},
    {},
    {},
    {},
    {},
    {},
    {},
    {},
    {},
    {},
    {},
    {},
    {},
    {},
    {},
    {},
    {},
    {},
    {},
    {},
    {},
    {},
    {},
    {},
    {},
    {},
    {},
    {},
    {},
    {},
    {},
    {},
    {},
    {},
    {},
    {},
    {},
    {},
    {},
    {},
    {},
    {},
    {},
    {},
    {},
    {},
    {},
    {},
    {},
    {},
    {},
    {},
    {},
    {},
    {},
    {},
    {},
    {},
    {},
    {},
    {},
    {},
    {},
    {},
    {},
    {},
    {},
    {},
    {},
    {},
    {},
    {},
    {},
    {},
    {},
    {},
    {},
    {},
    {},
    {},
    {},
    {},
    {},
    {},
    {},
    {},
    {},
    {},
    {},
    {},
    {},
    {},
    {},
    {},
    {},
    {},
    {},
    {},
    {},
    {},
    {},
    {},
    {},
    {},
    {},
    {},
    {},
    {},
    {},
    {},
    {},
    {},
    {},
    {},
    {},
    {},
    {},
    {},
    {},
    {},
    {},
    {},
    {},
    {},
    {},
    {},
    {},
    {},
    {},
    {},
    {},
    {},
    {},
    {},
    {},
    {},
    {},
    {},
    {},
    {},
    {},
    {},
    {},
    {},
    {},
    {},
    {},
    {},
    {},
    {},
    {},
    {},
    {},
    {},
    {},
    {},
    {},
    {},
    {},
    {},
    {},
    {},
    {},
    {},
    {},
    {},
    {},
    {},
    {},
    {},
    {},
    {},
    {},
    {},
    {},
    {},
    {},
    {},
    {},
    {},
    {},
    {},
    {},
    {},
    {},
    {},
    {},
    {},
    {},
    {},
    {},
    {},
    {},
    {},
    {},
    {},
    {},
    {},
    {},
    {},
    {},
    {},
    {},
    {},
    {},
    {},
    {},
    {},
    {},
    {},
    {},
    {},
    {},
    {},
    {},
    {},
    {},
    {},
    {},
    {},
    {},
    {},
    {},
    {},
    {},
    {},
    {},
    {},
    {},
    {},
    {},
    {},
    {},
    {},
    {},
    {},
    {},
    {},
    {},
    {},
    {},
    {},
    {},
    {},
    {},
    {},
    {},
    {},
    {},
    {},
    {},
    {},
    {},
    {},
    {},
    {},
    {},
    {},
    {},
    {},
    {},
    {},
    {},
    {},
    {},
    {},
    {},
    {},
    {},
    {},
    {},
    {},
    {},
    {},
    {},
    {},
    {},
    {},
    {},
    {},
    {},
    {},
    {},
    {},
    {},
    {},
    {},
    {},
    {},
    {},
    {},
    {},
    {},
    {},
    {},
    {},
    {},
    {},
    {},
    {},
    {},
    {},
    {},
    {},
    {},
    {},
    {},
    {},
    {},
    {},
    {},
    {},
    {},
    {},
    {},
    {},
    {},
    {},
    {},
    {},
    {},
    {},
    {},
    {},
    {},
    {},
    {},
    {},
    {},
    {},
    {},
    {},
    {},
    {},
    {},
    {},
    {},
    {},
    {},
    {},
    {},
    {},
    {},
    {},
    {},
    {},
    {},
    {},
    {},
    {},
    {},
    {},
    {},
    {},
    {},
    {},
    {},
    {},
    {},
    {},
    {},
    {},
    {},
    {},
    {},
    {},
    {},
    {},
    {},
    {},
    {},
    {},
    {},
    {},
    {},
    {},
    {},
    {},
    {},
    {},
    {},
    {},
    {},
    {},
    {},
    {},
    {},
    {},
    {},
    {},
    {},
    {},
    {},
    {},
    {},
    {},
    {},
    {},
    {},
    {},
    {},
    {},
    {},
    {},
    {},
    {},
    {},
    {},
    {},
    {},
    {},
    {},
    {},
    {},
    {},
    {},
    {},
    {},
    {},
    {},
    {},
    {},
    {},
    {},
    {},
    {},
    {},
    {},
    {},
    {},
    {},
    {},
    {},
    {},
    {},
    {},
    {},
    {},
    {},
    {},
    {},
    {},
    {},
    {},
    {},
    {},
    {},
    {},
    {},
    {},
    {},
    {},
    {},
    {},
    {},
    {},
    {},
    {},
    {},
    {},
    {},
    {},
    {},
    {},
    {},
    {},
    {},
    {},
    {},
    {},
    {},
    {},
    {},
    {},
    {},
    {},
    {},
    {},
    {},
    {},
    {},
    {},
    {},
    {},
    {},
    {},
    {},
    {},
    {},
    {},
    {},
    {},
    {},
    {},
    {},
    {},
    {},
    {},
    {},
    {},
    {},
    {},
    {},
    {},
    {},
    {},
    {},
    {},
    {},
    {},
    {},
    {},
    {},
    {},
    {},
    {},
    {},
    {},
    {},
    {},
    {},
    {},
    {},
    {},
    {},
    {},
    {},
    {},
    {},
    {},
    {},
    {},
    {},
    {},
    {},
    {},
    {},
    {},
    {},
    {},
    {},
    {},
    {},
    {},
    {},
    {},
    {},
    {},
    {},
    {},
    {},
    {},
    {},
    {},
    {},
    {},
    {},
    {},
    {},
    {},
    {},
    {},
    {},
    {},
    {},
    {},
    {},
    {},
    {},
    {},
    {},
    {},
    {},
    {},
    {},
    {},
    {},
    {},
    {},
    {},
    {},
    {},
    {},
    {},
    {},
    {},
    {},
    {},
    {},
    {},
    {},
    {},
    {},
    {},
    {},
    {},
    {},
    {},
    {},
    {},
    {},
    {},
    {},
    {},
    {},
    {},
    {},
    {},
    {},
    {},
    {},
    {},
    {},
    {},
    {},
    {},
    {},
    {},
    {},
    {},
    {},
    {},
    {},
    {},
    {},
    {},
    {},
    {},
    {},
    {},
    {},
    {},
    {},
    {},
    {},
    {},
    {},
    {},
    {},
    {},
    {},
    {},
    {},
    {},
    {},
    {},
    {},
    {},
    {},
    {},
    {},
    {},
    {},
    {},
    {},
    {},
    {},
    {},
    {},
    {},
    {},
    {},
    {},
    {},
    {},
    {},
    {},
    {},
    {},
    {},
    {},
    {},
    {},
    {},
    {},
    {},
    {},
    {},
    {},
    {},
    {},
    {},
    {},
    {},
    {},
    {},
    {},
    {},
    {},
    {},
    {},
    {},
    {},
    {},
    {},
    {},
    {},
    {},
    {},
    {},
    {},
    {},
    {},
    {},
    {},
    {},
    {},
    {},
    {},
    {},
    {},
    {},
    {},
    {},
    {},
    {},
    {},
    {},
    {},
    {},
    {},
    {},
    {},
    {},
    {},
    {},
    {},
    {},
    {},
    {},
    {},
    {},
    {},
    {},
    {},
    {},
    {},
    {},
    {},
    {},
    {},
    {},
    {},
    {},
    {},
    {},
    {},
    {},
    {},
    {},
    {},
    {},
    {},
    {},
    {},
    {},
    {},
    {},
    {},
    {},
    {},
    {},
    {},
    {},
    {},
    {},
    {},
    {},
    {},
    {},
    {},
    {},
    {},
    {},
    {},
    {},
    {},
    {},
    {},
    {},
    {},
    {},
    {},
    {},
    {},
    {},
    {},
    {},
    {},
    {},
    {},
    {},
    {},
    {},
    {},
    {},
    {},
    {},
    {},
    {},
    {},
    {},
    {},
    {},
    {},
    {},
    {},
    {},
    {},
    {},
    {},
    {},
    {},
    {},
    {},
    {},
    {},
    {},
    {},
    {},
    {},
    {},
    {},
    {},
    {},
    {},
    {},
    {},
    {},
    {},
    {},
    {},
    {},
    {},
    {},
    {},
    {},
    {},
    {},
    {},
    {},
    {},
    {},
    {},
    {},
    {},
    {},
    {},
    {},
    {},
    {},
    {},
    {},
    {},
    {},
    {},
    {},
    {},
    {},
    {},
    {},
    {},
    {},
    {},
    {},
    {},
    {},
    {},
    {},
    {},
    {},
    {},
    {},
    {},
    {},
    {},
    {},
    {},
    {},
    {},
    {},
    {},
    {},
    {},
    {},
    {},
    {},
    {},
    {},
    {},
    {},
    {},
    {},
    {},
    {},
    {},
    {},
    {},
    {},
    {},
    {},
    {},
    {},
    {},
    {},
    {},
    {},
    {},
    {},
    {},
    {},
    {},
    {},
    {},
    {},
    {},
    {},
    {},
    {},
    {},
    {},
    {},
    {},
    {},
    {},
    {},
    {},
    {},
    {},
    {},
    {},
    {},
    {},
    {},
    {},
    {},
    {},
    {},
    {},
    {},
    {},
    {},
    {},
    {},
    {},
    {},
    {},
    {},
    {},
    {},
    {},
    {},
    {},
    {},
    {},
    {},
    {},
    {},
    {},
    {},
    {},
    {},
    {},
    {},
    {},
    {},
    {},
    {},
    {},
    {},
    {},
    {},
    {},
    {},
    {},
    {},
    {},
    {},
    {},
    {},
    {},
    {},
    {},
    {},
    {},
    {},
    {},
    {},
    {},
    {},
    {},
    {},
    {},
    {},
    {},
    {},
    {},
    {},
    {},
    {},
    {},
    {},
    {},
    {},
    {},
    {},
    {},
    {},
    {},
    {},
    {},
    {},
    {},
    {},
    {},
    {},
    {},
    {},
    {},
    {},
    {},
    {},
    {},
    {},
    {},
    {},
    {},
    {},
    {},
    {},
    {},
    {},
    {},
    {},
    {},
    {},
    {},
    {},
    {},
    {},
    {},
    {},
    {},
    {},
    {},
    {},
    {},
    {},
    {},
    {},
    {},
    {},
    {},
    {},
    {},
    {},
    {},
    {},
    {},
    {},
    {},
    {},
    {},
    {},
    {},
    {},
    {},
    {},
    {},
    {},
    {},
    {},
    {},
    {},
    {},
    {},
    {},
    {},
    {},
    {},
    {},
    {},
    {},
    {},
    {},
    {},
    {},
    {},
    {},
    {},
    {},
    {},
    {},
    {},
    {},
    {},
    {},
    {},
    {},
    {},
    {},
    {},
    {},
    {},
    {},
    {},
    {},
    {},
    {},
    {},
    {},
    {},
    {},
    {},
    {},
    {},
    {},
    {},
    {},
    {},
    {},
    {},
    {},
    {},
    {},
    {},
    {},
    {},
    {},
    {},
    {},
    {},
    {},
    {},
    {},
    {},
    {},
    {},
    {},
    {},
    {},
    {},
    {},
    {},
    {},
    {},
    {},
    {},
    {},
    {},
    {},
    {},
    {},
    {},
    {},
    {},
    {},
    {},
    {},
    {},
    {},
    {},
    {},
    {},
    {},
    {},
    {},
    {},
    {},
    {},
    {},
    {},
    {},
    {},
    {},
    {},
    {},
    {},
    {},
    {},
    {},
    {},
    {},
    {},
    {},
    {},
    {},
    {},
    {},
    {},
    {},
    {},
    {},
    {},
    {},
    {},
    {},
    {},
    {},
    {},
    {},
    {},
    {},
    {},
    {},
    {},
    {},
    {},
    {},
    {},
    {},
    {},
    {},
    {},
    {},
    {},
    {},
    {},
    {},
    {},
    {},
    {},
    {},
    {},
    {},
    {},
    {},
    {},
    {},
    {},
    {},
    {},
    {},
    {},
    {},
    {},
    {},
    {},
    {},
    {},
    {},
    {},
    {},
    {},
    {},
    {},
    {},
    {},
    {},
    {},
    {},
    {},
    {},
    {},
    {},
    {},
    {},
    {},
    {},
    {},
    {},
    {},
    {},
    {},
    {},
    {},
    {},
    {},
    {},
    {},
    {},
    {},
    {},
    {},
    {},
    {},
    {},
    {},
    {},
    {},
    {},
    {},
    {},
    {},
    {},
    {},
    {},
    {},
    {},
    {},
    {},
    {},
    {},
    {},
    {},
    {},
    {},
    {},
    {},
    {},
    {},
    {},
    {},
    {},
    {},
    {},
    {},
    {},
    {},
    {},
    {},
    {},
    {},
    {},
    {},
    {},
    {},
    {},
    {},
    {},
    {},
    {},
    {},
    {},
    {},
    {},
    {},
    {},
    {},
    {},
    {},
    {},
    {},
    {},
    {},
    {},
    {},
    {},
    {},
    {},
    {},
    {},
    {},
    {},
    {},
    {},
    {},
    {},
    {},
    {},
    {},
    {},
    {},
    {},
    {},
    {},
    {},
    {},
    {},
    {},
    {},
    {},
    {},
    {},
    {},
    {},
    {},
    {},
    {},
    {},
    {},
    {},
    {},
    {},
    {},
    {},
    {},
    {},
    {},
    {},
    {},
    {},
    {},
    {},
    {},
    {},
    {},
    {},
    {},
    {},
    {},
    {},
    {},
    {},
    {},
    {},
    {},
    {},
    {},
    {},
    {},
    {},
    {},
    {},
    {},
    {},
    {},
    {},
    {},
    {},
    {},
    {},
    {},
    {},
    {},
    {},
    {},
    {},
    {},
    {},
    {},
    {},
    {},
    {},
    {},
    {},
    {},
    {},
    {},
    {},
    {},
    {},
    {},
    {},
    {},
    {},
    {},
    {},
    {},
    {},
    {},
    {},
    {},
    {},
    {},
    {},
    {},
    {},
    {},
    {},
    {},
    {},
    {},
    {},
    {},
    {},
    {},
    {},
    {},
    {},
    {},
    {},
    {},
    {},
    {},
    {},
    {},
    {},
    {},
    {},
    {},
    {},
    {},
    {},
    {},
    {},
    {},
    {},
    {},
    {},
    {},
    {},
    {},
    {},
    {},
    {},
    {},
    {},
    {},
    {},
    {},
    {},
    {},
    {},
    {},
    {},
    {},
    {},
    {},
    {},
    {},
    {},
    {},
    {},
    {},
    {},
    {},
    {},
    {},
    {},
    {},
    {},
    {},
    {},
    {},
    {},
    {},
    {},
    {},
    {},
    {},
    {},
    {},
    {},
    {},
    {},
    {},
    {},
    {},
    {},
    {},
    {},
    {},
    {},
    {},
    {},
    {},
    {},
    {},
    {},
    {},
    {},
    {},
    {},
    {},
    {},
    {},
    {},
    {},
    {},
    {},
    {},
    {},
    {},
    {},
    {},
    {},
    {},
    {},
    {},
    {},
    {},
    {},
    {},
    {},
    {},
    {},
    {},
    {},
    {},
    {},
    {},
    {},
    {},
    {},
    {},
    {},
    {},
    {},
    {},
    {},
    {},
    {},
    {},
    {},
    {},
    {},
    {},
    {},
    {},
    {},
    {},
    {},
    {},
    {},
    {},
    {},
    {},
    {},
    {},
    {},
    {},
    {},
    {},
    {},
    {},
    {},
    {},
    {},
    {},
    {},
    {},
    {},
    {},
    {},
    {},
    {},
    {},
    {},
    {},
    {},
    {},
    {},
    {},
    {},
    {},
    {},
    {},
    {},
    {},
    {},
    {},
    {},
    {},
    {},
    {},
    {},
    {},
    {},
    {},
    {},
    {},
    {},
    {},
    {},
    {},
    {},
    {},
    {},
    {},
    {},
    {},
    {},
    {},
    {},
    {
        "EventID": 836,
        "DisplayOrder": 630,
        "LocalizeKR": "好像懂了，\n又好像没有……"
    },
    {
        "EventID": 836,
        "DisplayOrder": 640,
        "LocalizeKR": "好像懂了，\n又好像没有……"
    },
    {
        "EventID": 836,
        "DisplayOrder": 650,
        "LocalizeKR": "好！\n我完全理解了！！"
    },
    {
        "EventID": 836,
        "DisplayOrder": 660,
        "LocalizeKR": "气氛不错！\n就这样保持下去！"
    },
    {
        "EventID": 836,
        "DisplayOrder": 670,
        "LocalizeKR": "我们也会加油的，\n陪我们到最后吧，老师！"
    },
    {
        "EventID": 836,
        "DisplayOrder": 680,
        "LocalizeKR": "传说……\n要开始了。"
    },
    {
        "EventID": 836,
        "DisplayOrder": 690,
        "LocalizeKR": "传说……\n要开始了。"
    },
    {
        "EventID": 836,
        "DisplayOrder": 700,
        "LocalizeKR": "没时间停下来了\n“时间就是金钱”哦，\n老师！"
    },
    {
        "EventID": 836,
        "DisplayOrder": 710,
        "LocalizeKR": "音乐就像\n玛德琳蛋糕一样。\n需要时间才能完成。"
    },
    {
        "EventID": 836,
        "DisplayOrder": 720,
        "LocalizeKR": "马上就要完成了……\n究极的音乐！"
    },
    {
        "EventID": 836,
        "DisplayOrder": 730,
        "LocalizeKR": "嗯！\n好像找到一点感觉了！"
    },
    {
        "EventID": 836,
        "DisplayOrder": 740,
        "LocalizeKR": "嗯！\n好像找到一点感觉了！"
    },
    {
        "EventID": 836,
        "DisplayOrder": 750,
        "LocalizeKR": "嗯！\n好像找到一点感觉了！"
    },
    {
        "EventID": 836,
        "DisplayOrder": 760,
        "LocalizeKR": "嗯！\n好像找到一点感觉了！"
    },
    {
        "EventID": 836,
        "DisplayOrder": 770,
        "LocalizeKR": "嗯！\n好像找到一点感觉了！"
    },
    {
        "EventID": 836,
        "DisplayOrder": 780,
        "LocalizeKR": "嗯！\n好像找到一点感觉了！"
    },
    {
        "EventID": 836,
        "DisplayOrder": 790,
        "LocalizeKR": "嗯！\n好像找到一点感觉了！"
    },
    {
        "EventID": 836,
        "DisplayOrder": 800,
        "LocalizeKR": "嗯！\n好像找到一点感觉了！"
    },
    {
        "EventID": 836,
        "DisplayOrder": 810,
        "LocalizeKR": "嗯！\n好像找到一点感觉了！"
    },
    {
        "EventID": 836,
        "DisplayOrder": 820,
        "LocalizeKR": "嗯！\n好像找到一点感觉了！"
    },
    {
        "EventID": 836,
        "DisplayOrder": 830,
        "LocalizeKR": "嗯！\n好像找到一点感觉了！"
    },
    {
        "EventID": 836,
        "DisplayOrder": 840,
        "LocalizeKR": "嗯！\n好像找到一点感觉了！"
    },
    {
        "EventID": 836,
        "DisplayOrder": 850,
        "LocalizeKR": "终于抓住诀窍了，\n这样应该能行！"
    },
    {
        "EventID": 836,
        "DisplayOrder": 860,
        "LocalizeKR": "终于抓住诀窍了，\n这样应该能行！"
    },
    {
        "EventID": 836,
        "DisplayOrder": 870,
        "LocalizeKR": "终于抓住诀窍了，\n这样应该能行！"
    },
    {
        "EventID": 836,
        "DisplayOrder": 880,
        "LocalizeKR": "终于抓住诀窍了，\n这样应该能行！"
    },
    {
        "EventID": 836,
        "DisplayOrder": 890,
        "LocalizeKR": "终于抓住诀窍了，\n这样应该能行！"
    },
    {
        "EventID": 836,
        "DisplayOrder": 900,
        "LocalizeKR": "终于抓住诀窍了，\n这样应该能行！"
    },
    {
        "EventID": 836,
        "DisplayOrder": 910,
        "LocalizeKR": "还差一点就搞定了。\n加油！"
    },
    {
        "EventID": 836,
        "DisplayOrder": 920,
        "LocalizeKR": "还差一点就搞定了。\n加油！"
    },
    {
        "EventID": 836,
        "DisplayOrder": 930,
        "LocalizeKR": "还差一点就搞定了。\n加油！"
    },
    {
        "EventID": 836,
        "DisplayOrder": 940,
        "LocalizeKR": "还差一点就搞定了。\n加油！"
    },
    {
        "EventID": 836,
        "DisplayOrder": 950,
        "LocalizeKR": "还差一点就搞定了。\n加油！"
    },
    {
        "EventID": 836,
        "DisplayOrder": 960,
        "LocalizeKR": "还差一点就搞定了。\n加油！"
    },
    {
        "EventID": 836,
        "DisplayOrder": 970,
        "LocalizeKR": "再坚持\n一下就到最后了！\n就这样保持下去！"
    },
    {
        "EventID": 836,
        "DisplayOrder": 980,
        "LocalizeKR": "再坚持\n一下就到最后了！\n就这样保持下去！"
    },
    {
        "EventID": 836,
        "DisplayOrder": 990,
        "LocalizeKR": "再坚持\n一下就到最后了！\n就这样保持下去！"
    },
    {
        "EventID": 836,
        "DisplayOrder": 1000,
        "LocalizeKR": "再坚持\n一下就到最后了！\n就这样保持下去！"
    },
    {
        "EventID": 836,
        "DisplayOrder": 1010,
        "LocalizeKR": "再坚持\n一下就到最后了！\n就这样保持下去！"
    },
    {
        "EventID": 836,
        "DisplayOrder": 1020,
        "LocalizeKR": "再坚持\n一下就到最后了！\n就这样保持下去！"
    },
    {
        "EventID": 836,
        "DisplayOrder": 1030,
        "LocalizeKR": "大家一起加油吧！"
    },
    {
        "EventID": 836,
        "DisplayOrder": 1040,
        "LocalizeKR": "大家一起加油吧！"
    },
    {
        "EventID": 836,
        "DisplayOrder": 1050,
        "LocalizeKR": "大家\n都好努力啊……！\n我也得加油……！"
    },
    {
        "EventID": 836,
        "DisplayOrder": 1060,
        "LocalizeKR": "嗯！感觉不错！"
    },
    {
        "EventID": 836,
        "DisplayOrder": 1070,
        "LocalizeKR": "谢谢老师。\n……我只是想告诉\n老师这句话而已。"
    },
    {},
    {},
    {},
    {},
    {},
    {},
    {},
    {},
    {},
    {},
    {},
    {},
    {},
    {},
    {},
    {},
    {},
    {},
    {},
    {},
    {},
    {},
    {},
    {},
    {},
    {},
    {},
    {},
    {},
    {},
    {},
    {},
    {},
    {},
    {},
    {},
    {},
    {},
    {},
    {},
    {},
    {},
    {},
    {},
    {},
    {},
    {},
    {},
    {},
    {},
    {},
    {},
    {},
    {},
    {},
    {},
    {},
    {},
    {},
    {},
    {},
    {},
    {},
    {},
    {},
    {},
    {},
    {},
    {},
    {},
    {},
    {},
    {},
    {},
    {},
    {},
    {},
    {},
    {},
    {},
    {},
    {},
    {},
    {},
    {},
    {},
    {},
    {},
    {},
    {},
    {},
    {},
    {},
    {},
    {},
    {},
    {},
    {},
    {},
    {},
    {},
    {},
    {},
    {},
    {},
    {},
    {},
    {},
    {},
    {},
    {},
    {},
    {},
    {},
    {},
    {},
    {},
    {},
    {},
    {},
    {},
    {},
    {},
    {},
    {},
    {},
    {},
    {},
    {},
    {},
    {},
    {},
    {},
    {},
    {},
    {},
    {},
    {},
    {},
    {},
    {},
    {},
    {},
    {},
    {},
    {},
    {},
    {},
    {},
    {},
    {},
    {},
    {},
    {},
    {},
    {},
    {},
    {},
    {},
    {},
    {},
    {},
    {},
    {},
    {},
    {},
    {},
    {},
    {},
    {},
    {},
    {},
    {},
    {},
    {},
    {},
    {},
    {},
    {},
    {},
    {},
    {},
    {},
    {},
    {},
    {},
    {},
    {},
    {},
    {},
    {},
    {},
    {},
    {},
    {},
    {},
    {},
    {},
    {},
    {},
    {},
    {},
    {},
    {},
    {},
    {},
    {},
    {},
    {},
    {},
    {},
    {},
    {},
    {},
    {},
    {},
    {},
    {},
    {},
    {},
    {},
    {},
    {},
    {},
    {},
    {},
    {},
    {},
    {},
    {},
    {},
    {},
    {},
    {},
    {},
    {},
    {},
    {},
    {},
    {},
    {},
    {},
    {},
    {},
    {},
    {},
    {},
    {},
    {},
    {},
    {},
    {},
    {},
    {},
    {},
    {},
    {},
    {},
    {},
    {},
    {},
    {},
    {},
    {},
    {},
    {},
    {},
    {},
    {},
    {},
    {},
    {},
    {},
    {},
    {},
    {},
    {},
    {},
    {},
    {},
    {},
    {},
    {},
    {},
    {},
    {},
    {},
    {},
    {},
    {},
    {},
    {},
    {},
    {},
    {},
    {},
    {},
    {},
    {},
    {},
    {},
    {},
    {},
    {},
    {},
    {},
    {},
    {},
    {},
    {},
    {},
    {},
    {},
    {},
    {},
    {},
    {},
    {},
    {},
    {},
    {},
    {},
    {},
    {},
    {},
    {},
    {},
    {},
    {},
    {},
    {},
    {},
    {},
    {},
    {},
    {},
    {},
    {},
    {},
    {},
    {},
    {},
    {},
    {},
    {},
    {},
    {},
    {},
    {},
    {},
    {},
    {},
    {},
    {},
    {},
    {},
    {},
    {},
    {},
    {},
    {},
    {},
    {},
    {},
    {},
    {},
    {},
    {},
    {},
    {},
    {},
    {},
    {},
    {},
    {},
    {},
    {},
    {},
    {},
    {},
    {},
    {},
    {},
    {},
    {},
    {},
    {},
    {},
    {},
    {},
    {},
    {},
    {},
    {},
    {},
    {},
    {},
    {},
    {},
    {},
    {},
    {},
    {},
    {},
    {},
    {},
    {},
    {},
    {},
    {},
    {},
    {},
    {},
    {},
    {},
    {},
    {},
    {},
    {},
    {},
    {},
    {},
    {},
    {},
    {},
    {},
    {},
    {},
    {},
    {},
    {},
    {},
    {},
    {},
    {},
    {},
    {},
    {},
    {},
    {},
    {},
    {},
    {},
    {},
    {},
    {},
    {},
    {},
    {},
    {},
    {},
    {},
    {},
    {},
    {},
    {},
    {},
    {},
    {},
    {},
    {},
    {},
    {},
    {},
    {},
    {},
    {},
    {},
    {},
    {},
    {},
    {},
    {},
    {},
    {},
    {},
    {},
    {},
    {},
    {},
    {},
    {},
    {},
    {},
    {},
    {},
    {},
    {},
    {},
    {},
    {},
    {},
    {},
    {},
    {},
    {},
    {},
    {},
    {},
    {},
    {},
    {},
    {},
    {},
    {},
    {},
    {},
    {},
    {},
    {},
    {},
    {},
    {},
    {},
    {},
    {},
    {},
    {},
    {},
    {},
    {},
    {},
    {},
    {},
    {},
    {},
    {},
    {},
    {},
    {},
    {},
    {},
    {},
    {},
    {},
    {},
    {},
    {},
    {},
    {},
    {},
    {},
    {},
    {},
    {},
    {},
    {},
    {},
    {},
    {},
    {},
    {},
    {},
    {},
    {},
    {},
    {},
    {},
    {},
    {},
    {},
    {},
    {},
    {},
    {},
    {},
    {},
    {},
    {},
    {},
    {},
    {},
    {},
    {},
    {},
    {},
    {},
    {},
    {},
    {},
    {},
    {},
    {},
    {},
    {},
    {},
    {},
    {},
    {},
    {},
    {},
    {},
    {},
    {},
    {},
    {},
    {},
    {},
    {},
    {},
    {},
    {},
    {},
    {},
    {},
    {},
    {},
    {},
    {},
    {},
    {},
    {},
    {},
    {},
    {},
    {},
    {},
    {},
    {},
    {},
    {},
    {},
    {},
    {},
    {},
    {},
    {},
    {},
    {},
    {},
    {},
    {},
    {},
    {},
    {},
    {},
    {},
    {},
    {},
    {},
    {},
    {}
]