[
    {
        "GroupId": 1,
        "LocalizeKR": "주변이 소란스럽네요…"
    },
    {
        "GroupId": 1,
        "LocalizeKR": "(게헨나 파티라…)"
    },
    {
        "GroupId": 1,
        "LocalizeKR": ""
    },
    {
        "GroupId": 1,
        "LocalizeKR": ""
    },
    {
        "GroupId": 1,
        "LocalizeKR": ""
    },
    {
        "GroupId": 1,
        "LocalizeKR": ""
    },
    {
        "GroupId": 1,
        "LocalizeKR": ""
    },
    {
        "GroupId": 1,
        "LocalizeKR": ""
    },
    {
        "GroupId": 1,
        "LocalizeKR": ""
    },
    {
        "GroupId": 1,
        "LocalizeKR": ""
    },
    {
        "GroupId": 1,
        "LocalizeKR": ""
    },
    {
        "GroupId": 1,
        "LocalizeKR": ""
    },
    {
        "GroupId": 1,
        "LocalizeKR": ""
    },
    {
        "GroupId": 1,
        "LocalizeKR": ""
    },
    {
        "GroupId": 1,
        "LocalizeKR": ""
    },
    {
        "GroupId": 1,
        "LocalizeKR": ""
    },
    {
        "GroupId": 2,
        "LocalizeKR": ""
    },
    {
        "GroupId": 3,
        "LocalizeKR": "이제 환풍구로 들어갈 수 있겠어요"
    },
    {
        "GroupId": 3,
        "LocalizeKR": ""
    },
    {
        "GroupId": 3,
        "LocalizeKR": "서둘러서 이동해야겠어요"
    },
    {
        "GroupId": 4,
        "LocalizeKR": ""
    },
    {
        "GroupId": 5,
        "LocalizeKR": "여기가 비밀 입구군요."
    },
    {
        "GroupId": 5,
        "LocalizeKR": "환풍기를 꺼야 들어갈 수 있겠어요"
    },
    {
        "GroupId": 5,
        "LocalizeKR": "배전반을 찾아야겠네요."
    },
    {
        "GroupId": 6,
        "LocalizeKR": "드디어 도착했어요."
    },
    {
        "GroupId": 8431998001,
        "LocalizeKR": ""
    },
    {
        "GroupId": 8431998002,
        "LocalizeKR": ""
    },
    {
        "GroupId": 8431998003,
        "LocalizeKR": ""
    },
    {
        "GroupId": 8431998004,
        "LocalizeKR": ""
    },
    {
        "GroupId": 8431998005,
        "LocalizeKR": ""
    },
    {
        "GroupId": 8431998006,
        "LocalizeKR": ""
    },
    {
        "GroupId": 8431998007,
        "LocalizeKR": ""
    },
    {
        "GroupId": 8431998008,
        "LocalizeKR": ""
    },
    {
        "GroupId": 8431998009,
        "LocalizeKR": ""
    },
    {
        "GroupId": 8431998010,
        "LocalizeKR": ""
    },
    {
        "GroupId": 8431998011,
        "LocalizeKR": ""
    },
    {
        "GroupId": 8431998012,
        "LocalizeKR": ""
    },
    {
        "GroupId": 8431998013,
        "LocalizeKR": ""
    },
    {
        "GroupId": 8431998014,
        "LocalizeKR": ""
    },
    {
        "GroupId": 8431998015,
        "LocalizeKR": ""
    },
    {
        "GroupId": 8431999001,
        "LocalizeKR": ""
    },
    {
        "GroupId": 8431999002,
        "LocalizeKR": ""
    },
    {
        "GroupId": 8431999003,
        "LocalizeKR": ""
    },
    {
        "GroupId": 8431999004,
        "LocalizeKR": ""
    },
    {
        "GroupId": 8431999005,
        "LocalizeKR": ""
    },
    {
        "GroupId": 8431999006,
        "LocalizeKR": ""
    },
    {
        "GroupId": 8431999007,
        "LocalizeKR": ""
    },
    {
        "GroupId": 8431999008,
        "LocalizeKR": ""
    },
    {
        "GroupId": 8431999009,
        "LocalizeKR": ""
    },
    {
        "GroupId": 8431999010,
        "LocalizeKR": ""
    },
    {
        "GroupId": 8431999011,
        "LocalizeKR": ""
    },
    {
        "GroupId": 8431999012,
        "LocalizeKR": ""
    },
    {
        "GroupId": 8431999013,
        "LocalizeKR": ""
    },
    {
        "GroupId": 8431999014,
        "LocalizeKR": ""
    },
    {
        "GroupId": 8431999015,
        "LocalizeKR": ""
    },
    {
        "GroupId": 8431999016,
        "LocalizeKR": "(수집한 데이터를 저장했어요.)"
    },
    {
        "GroupId": 8431999017,
        "LocalizeKR": "(수집한 데이터를 저장했어.)"
    },
    {
        "GroupId": 8431999018,
        "LocalizeKR": "(네루도 데이터를 가져와야 해요.)"
    },
    {
        "GroupId": 8431999019,
        "LocalizeKR": "(세이아도 데이터를 가져와야 해.)"
    },
    {
        "GroupId": 8430001000,
        "LocalizeKR": "(박스를 쓰면 움직이지 않을 땐 들키지 않을 거예요.)"
    },
    {
        "GroupId": 8430001000,
        "LocalizeKR": "(타이밍을 잘 봐가며… 움직이죠.)"
    },
    {
        "GroupId": 8430001010,
        "LocalizeKR": "…는 …"
    },
    {
        "GroupId": 8430001010,
        "LocalizeKR": "…가…"
    },
    {
        "GroupId": 8430001010,
        "LocalizeKR": "(조금 더…)"
    },
    {
        "GroupId": 8430001030,
        "LocalizeKR": "곧 있으면 접선 시간이야."
    },
    {
        "GroupId": 8430001030,
        "LocalizeKR": "빨리 거래 끝내고 돌아가자."
    },
    {
        "GroupId": 8430001030,
        "LocalizeKR": "(……이쯤이면 되겠죠.)"
    },
    {
        "GroupId": 8430001040,
        "LocalizeKR": "(아직 할 일이 있어요.)"
    },
    {
        "GroupId": 8430001050,
        "LocalizeKR": "(잠시 기다려보죠.)"
    },
    {
        "GroupId": 8430003000,
        "LocalizeKR": "(가다 보면 데이터 장치가 있다고 했지?)"
    },
    {
        "GroupId": 8430003000,
        "LocalizeKR": "(마음 같아선 다 때려 부수며 가고 싶지만…)"
    },
    {
        "GroupId": 8430003000,
        "LocalizeKR": "(…하여간 잠입은 취향이 아니라니까.)"
    },
    {
        "GroupId": 8430003000,
        "LocalizeKR": "(체력이 떨어지면... 회복약을 먹으면 된다고 했었지.)"
    },
    {
        "GroupId": 8430003010,
        "LocalizeKR": "(아직 할 일이 있어.)"
    },
    {
        "GroupId": 8430006000,
        "LocalizeKR": "(드론… 밀레니엄답네요. 트리니티와는 많이 달라요.)"
    },
    {
        "GroupId": 8430006000,
        "LocalizeKR": "(이 통로 끝까지 가면… 문이 나오겠군요.)"
    },
    {
        "GroupId": 8430006010,
        "LocalizeKR": "(강아지 로봇…)"
    },
    {
        "GroupId": 8430006010,
        "LocalizeKR": "세이아, 이쪽이야."
    },
    {
        "GroupId": 8430006010,
        "LocalizeKR": "리오."
    },
    {
        "GroupId": 8430006010,
        "LocalizeKR": "강아지 로봇에 통신기를 달았어."
    },
    {
        "GroupId": 8430006010,
        "LocalizeKR": "중간중간 수집한 데이터를 저장할 수 있어."
    },
    {
        "GroupId": 8430006020,
        "LocalizeKR": "(…이건 혼자서 지나갈 수 없겠어요.)"
    },
    {
        "GroupId": 8430006020,
        "LocalizeKR": "(리오에게 연락해야겠군요.)"
    },
    {
        "GroupId": 8430006030,
        "LocalizeKR": "그러잖아도 이쪽에서 비밀 통로를 만들고 있었어."
    },
    {
        "GroupId": 8430006030,
        "LocalizeKR": "배전반을 조작해서 환풍기를 끄고 환풍구로 가면 돼."
    },
    {
        "GroupId": 8430006040,
        "LocalizeKR": "(이건… 배전반…?)"
    },
    {
        "GroupId": 8430006050,
        "LocalizeKR": "(이제 환풍구로 들어갈 수 있겠어요.)"
    },
    {
        "GroupId": 8430006050,
        "LocalizeKR": "(서둘러서 이동해야겠네요.)"
    },
    {
        "GroupId": 8431001000,
        "LocalizeKR": "(저건……?)"
    },
    {
        "GroupId": 8431001000,
        "LocalizeKR": "(이곳에도 있었네요. 요긴하겠어요.)"
    },
    {
        "GroupId": 8431001010,
        "LocalizeKR": "(이쯤에서 써 보면 되려나요……)"
    },
    {
        "GroupId": 8431001011,
        "LocalizeKR": "(저거로군요. 성능 확실하네요.)"
    },
    {
        "GroupId": 8431002000,
        "LocalizeKR": "(일단 오기는 했는데……)"
    },
    {
        "GroupId": 8431002000,
        "LocalizeKR": "(조금 더 들어가 볼까.)"
    },
    {
        "GroupId": 8431002010,
        "LocalizeKR": "(들키지 않고 접근하긴 어렵겠는데.)"
    },
    {
        "GroupId": 8431002010,
        "LocalizeKR": "(…리오가 준 무릎 보호대가 있었지.)"
    },
    {
        "GroupId": 8431002010,
        "LocalizeKR": "(마침 좋은 타이밍이네.)"
    },
    {
        "GroupId": 8431002020,
        "LocalizeKR": "이번 건만 성공하면 드디어 우리도 회식 한 번 하자고!"
    },
    {
        "GroupId": 8431002020,
        "LocalizeKR": "2차도 갈 수 있겠지!? 모처럼이니까!"
    },
    {
        "GroupId": 8431002020,
        "LocalizeKR": "저는 철판요리가 먹고 싶어요!"
    },
    {
        "GroupId": 8431002030,
        "LocalizeKR": "(소리를 내면 도망갈 수도 있는데….)"
    },
    {
        "GroupId": 8431002030,
        "LocalizeKR": "[전구]"
    },
    {
        "GroupId": 8431002030,
        "LocalizeKR": "(…맞다, 패드.)"
    },
    {
        "GroupId": 8431002030,
        "LocalizeKR": "(하여간 철두철미한 녀석이라니까.)"
    },
    {
        "GroupId": 8431003000,
        "LocalizeKR": "(으음… 곤란해졌군요.)"
    },
    {
        "GroupId": 8431003000,
        "LocalizeKR": "(…무전기로 네루에게 연락할 수 있다 했었죠.)"
    },
    {
        "GroupId": 8431003000,
        "LocalizeKR": "(어디 한 번 해볼까요.)"
    },
    {
        "GroupId": 8431003010,
        "LocalizeKR": "어. 대충 상황은 알았어. 이쪽에서 뭔가 해볼게."
    },
    {
        "GroupId": 8431003010,
        "LocalizeKR": "…배전반? 오케이. 내가 찾아볼게."
    },
    {
        "GroupId": 8431004000,
        "LocalizeKR": "(세이아 쪽은…)"
    },
    {
        "GroupId": 8431004000,
        "LocalizeKR": "(…애도 아니고, 알아서 잘 하겠지.)"
    },
    {
        "GroupId": 8431004010,
        "LocalizeKR": "(…저쪽에서 뭔가 해줘야겠는걸.)"
    },
    {
        "GroupId": 8431005000,
        "LocalizeKR": "(……잘은 모르지만 반드시 빠져 나가야 해요.)"
    },
    {
        "GroupId": 8431005000,
        "LocalizeKR": "(저의 직감이 말하고 있어요. 잡히면 끝이라고!)"
    },
    {
        "GroupId": 8431006000,
        "LocalizeKR": "……뭔가 이상한데요."
    },
    {
        "GroupId": 8431006000,
        "LocalizeKR": "(보통은 점점 경비가 강화될 텐데 말이죠.)"
    },
    {
        "GroupId": 8431006000,
        "LocalizeKR": "[…]"
    },
    {
        "GroupId": 8431006000,
        "LocalizeKR": "[!]"
    },
    {
        "GroupId": 8431006000,
        "LocalizeKR": "함정이에요, 처음부터 이걸 노린 거군요!"
    },
    {
        "GroupId": 8431006000,
        "LocalizeKR": "네루의 도움이 필요해요!"
    },
    {
        "GroupId": 8431006010,
        "LocalizeKR": "[!]"
    },
    {
        "GroupId": 8431006010,
        "LocalizeKR": "이번엔 네루가 위험해요!"
    },
    {
        "GroupId": 8431006020,
        "LocalizeKR": "세이아가 열어줘야겠는걸."
    },
    {
        "GroupId": 8431007000,
        "LocalizeKR": "(이대로는 따라잡히고 말아요…)"
    },
    {
        "GroupId": 8431007000,
        "LocalizeKR": "(뭔가… 진로를 방해할 수 있는 게…!)"
    }
]