[
    {
        "Key": 3205063001,
        "Kr": "未找到该助力者。"
    },
    {
        "Key": 3080068811,
        "Kr": "无法处理收到的请求。"
    },
    {
        "Key": 1451459100,
        "Kr": "无法处理收到的请求。"
    },
    {
        "Key": 593817179,
        "Kr": "数据包协议错误或协议不存在。"
    },
    {
        "Key": 2920904025,
        "Kr": "无效的会话。"
    },
    {
        "Key": 3347437062,
        "Kr": "客户端版本错误。"
    },
    {
        "Key": 3047249769,
        "Kr": "服务器处理请求失败。\n将返回标题画面。"
    },
    {
        "Key": 430044536,
        "Kr": "数据库处理请求失败。\n将返回标题画面。"
    },
    {
        "Key": 2095745906,
        "Kr": "资源不足。"
    },
    {
        "Key": 2367643443,
        "Kr": "已达到神秘解放上限。"
    },
    {
        "Key": 3762581793,
        "Kr": "已达到持有上限，无法继续领取。"
    },
    {
        "Key": 2711028080,
        "Kr": "无法在数据库中找到账号信息。"
    },
    {
        "Key": 950826558,
        "Kr": "该账号名不存在。"
    },
    {
        "Key": 1838154309,
        "Kr": "账号名已存在。"
    },
    {
        "Key": 296527733,
        "Kr": "未填写开发者编号的名字。"
    },
    {
        "Key": 2525474471,
        "Kr": "没有对应名字的账号。"
    },
    {
        "Key": 503931658,
        "Kr": "该账号没有访问权限。"
    },
    {
        "Key": 3296768386,
        "Kr": "昵称包含空格。\n昵称中不能包含空格。"
    },
    {
        "Key": 3501394912,
        "Kr": "新昵称与目前使用的昵称相同。"
    },
    {
        "Key": 3421421223,
        "Kr": "包含不可使用的文字，请重新输入。"
    },
    {
        "Key": 3283850040,
        "Kr": "昵称太短或太长。"
    },
    {
        "Key": 1228209340,
        "Kr": "认证服务器无法处理该请求。"
    },
    {
        "Key": 787750543,
        "Kr": "与认证服务器通信时发生了错误。"
    },
    {
        "Key": 2136129359,
        "Kr": "处理认证服务器的请求时发生了错误。"
    },
    {
        "Key": 1234200571,
        "Kr": "账号生成失败。"
    },
    {
        "Key": 2238395843,
        "Kr": "服务器处理命令失败。"
    },
    {
        "Key": 928524933,
        "Kr": "将账号与验证码绑定时失败。"
    },
    {
        "Key": 1004710492,
        "Kr": "无法登录开发者账号。"
    },
    {
        "Key": 491727203,
        "Kr": "该验证编号已被使用。\n生成账号失败。"
    },
    {
        "Key": 4020319994,
        "Kr": "无法更新账号状态。"
    },
    {
        "Key": 230738428,
        "Kr": "无对象成员。"
    },
    {
        "Key": 269379813,
        "Kr": "该成员尚未解锁。"
    },
    {
        "Key": 2445884324,
        "Kr": "该成员已重复。"
    },
    {
        "Key": 2707122617,
        "Kr": "该成员已编入部队。"
    },
    {
        "Key": 3808631556,
        "Kr": "检测到好感度的减少。\n取消好感度更新。"
    },
    {
        "Key": 4060733599,
        "Kr": "已达到最高等级。"
    },
    {
        "Key": 2302161878,
        "Kr": "因神秘解放或等级不足，无法进行升级。"
    },
    {
        "Key": 3518848085,
        "Kr": "没有装备。"
    },
    {
        "Key": 1030865580,
        "Kr": "无法放置在此栏位的装备。"
    },
    {
        "Key": 2186670411,
        "Kr": "无法出售或使用装备。"
    },
    {
        "Key": 3926485639,
        "Kr": "已穿戴该装备。"
    },
    {
        "Key": 271875608,
        "Kr": "超出装备升级所需的数量。"
    },
    {
        "Key": 3899674665,
        "Kr": "未穿戴该装备。"
    },
    {
        "Key": 3199174171,
        "Kr": "没有道具。"
    },
    {
        "Key": 2028977636,
        "Kr": "无法出售或使用道具。"
    },
    {
        "Key": 2153358435,
        "Kr": "请求生成道具时遗漏了数量信息。"
    },
    {
        "Key": 4227111820,
        "Kr": "即将到达道具持有数上限。"
    },
    {
        "Key": 436810703,
        "Kr": "道具使用方式不符合定义。"
    },
    {
        "Key": 1666241848,
        "Kr": "神秘解放所需的道具不足。"
    },
    {
        "Key": 2402602733,
        "Kr": "道具持有量不足。"
    },
    {
        "Key": 2874832470,
        "Kr": "请求使用经验值提升道具时缺少数量信息。"
    },
    {
        "Key": 1734057918,
        "Kr": "未指定队长。"
    },
    {
        "Key": 1323800997,
        "Kr": "未找到部队。"
    },
    {
        "Key": 2152463179,
        "Kr": "该部队尚未配置在战略地图。"
    },
    {
        "Key": 2875328899,
        "Kr": "部队栏位不足。"
    },
    {
        "Key": 606737380,
        "Kr": "该成员已编入其他部队。"
    },
    {
        "Key": 3085378534,
        "Kr": "尚未指定部队类型。"
    },
    {
        "Key": 2234067980,
        "Kr": "不能使用空白的部队。"
    },
    {
        "Key": 2422016245,
        "Kr": "因未满足解锁条件，当前无法进行游戏。"
    },
    {
        "Key": 688651309,
        "Kr": "已耗尽每日次数上限。"
    },
    {
        "Key": 957588825,
        "Kr": "进入关卡失败。"
    },
    {
        "Key": 3910671251,
        "Kr": "关卡进行信息不存在或无效。"
    },
    {
        "Key": 213352577,
        "Kr": "现在不是玩家的回合。"
    },
    {
        "Key": 2136130675,
        "Kr": "关卡不存在。"
    },
    {
        "Key": 138788887,
        "Kr": "章节不存在。"
    },
    {
        "Key": 614311547,
        "Kr": "我方或敌方部队不存在。"
    },
    {
        "Key": 272639916,
        "Kr": "无法重新配置。"
    },
    {
        "Key": 2432466270,
        "Kr": "该请求未指定普通/困难模式。"
    },
    {
        "Key": 2402851462,
        "Kr": "已经领取过该奖励。"
    },
    {
        "Key": 404034177,
        "Kr": "胜负判定失败。"
    },
    {
        "Key": 1012603495,
        "Kr": "已耗尽行动次数。"
    },
    {
        "Key": 260795101,
        "Kr": "无法紧急恢复。"
    },
    {
        "Key": 347228547,
        "Kr": "已耗尽紧急恢复每日使用次数。"
    },
    {
        "Key": 1157920399,
        "Kr": "我方和敌方部队位置不同。"
    },
    {
        "Key": 2583699762,
        "Kr": "存在未行动的敌方部队。"
    },
    {
        "Key": 3261228687,
        "Kr": "战斗结果处理失败。"
    },
    {
        "Key": 2942809624,
        "Kr": "没有可领取的邮件信息。"
    },
    {
        "Key": 4228418186,
        "Kr": "请求的奖励未达成任务条件。"
    },
    {
        "Key": 415352066,
        "Kr": "签到簿信息出现错误。"
    },
    {
        "Key": 1758812781,
        "Kr": "未找到商店的请求信息。"
    },
    {
        "Key": 2041378334,
        "Kr": "商店编号与物品编号与表值不同。"
    },
    {
        "Key": 1749329065,
        "Kr": "商店表中没有该商品编号。"
    },
    {
        "Key": 2660807240,
        "Kr": "已超出可购买次数上限。"
    },
    {
        "Key": 2950738644,
        "Kr": "无法继续更新。"
    },
    {
        "Key": 4237895473,
        "Kr": "未找到商店的请求信息。"
    },
    {
        "Key": 1269606458,
        "Kr": "没有组合公式信息。"
    },
    {
        "Key": 1458733722,
        "Kr": "组合公式所需的材料不足。"
    },
    {
        "Key": 3621762549,
        "Kr": "组合公式数据存在问题。"
    },
    {
        "Key": 613903562,
        "Kr": "该角色暂无记忆大厅。"
    },
    {
        "Key": 3205256468,
        "Kr": "未能变更大厅模式。"
    },
    {
        "Key": 1877159664,
        "Kr": "奖励信息无效。"
    },
    {
        "Key": 216432509,
        "Kr": "已经领取过该奖励。"
    },
    {
        "Key": 1783313464,
        "Kr": "访问时间不足。"
    },
    {
        "Key": 1192440065,
        "Kr": "因未满足解锁条件，当前无法进行游戏。"
    },
    {
        "Key": 49321440,
        "Kr": "未生成咖啡厅。"
    },
    {
        "Key": 463622482,
        "Kr": "家具配置失败。"
    },
    {
        "Key": 1865613949,
        "Kr": "变更家具位置失败。"
    },
    {
        "Key": 2188088798,
        "Kr": "没有为成员设置互动数据。"
    },
    {
        "Key": 1510279504,
        "Kr": "没有找到家具信息。"
    },
    {
        "Key": 696726334,
        "Kr": "没有可获得的资源。"
    },
    {
        "Key": 454910838,
        "Kr": ""
    },
    {
        "Key": 2000402903,
        "Kr": "已通关该剧情。"
    },
    {
        "Key": 3716096871,
        "Kr": "没有通关指定剧情。"
    },
    {
        "Key": 449070089,
        "Kr": "等级不足。"
    },
    {
        "Key": 4267934794,
        "Kr": "没有通关指定的任务关卡。"
    },
    {
        "Key": 1026052528,
        "Kr": "登记的成员数不足。"
    },
    {
        "Key": 1243134087,
        "Kr": "数据库处理失败。"
    },
    {
        "Key": 4163649284,
        "Kr": "已经观看过该剧情。"
    },
    {
        "Key": 2194821661,
        "Kr": "数据库处理失败。"
    },
    {
        "Key": 973547158,
        "Kr": "没有找到制造信息。"
    },
    {
        "Key": 2970299365,
        "Kr": "错误的节点生成请求。"
    },
    {
        "Key": 140003667,
        "Kr": "节点升级所需的经验值不足。"
    },
    {
        "Key": 722323811,
        "Kr": "无法开始。"
    },
    {
        "Key": 2339702451,
        "Kr": "不是基础节点。"
    },
    {
        "Key": 1332955216,
        "Kr": "制造已经开始。"
    },
    {
        "Key": 1254199814,
        "Kr": "制造未开始或已完成。"
    },
    {
        "Key": 2597660730,
        "Kr": "正在制造。"
    },
    {
        "Key": 4087551590,
        "Kr": "没有找到对应信息。"
    },
    {
        "Key": 2615324660,
        "Kr": "当前不是赛季期间。"
    },
    {
        "Key": 2947026275,
        "Kr": "已超时，战斗结束。"
    },
    {
        "Key": 1934835945,
        "Kr": "没有找到战斗信息。"
    },
    {
        "Key": 4149047221,
        "Kr": "战斗信息保存失败。"
    },
    {
        "Key": 3058666136,
        "Kr": "没有可领取的奖励。"
    },
    {
        "Key": 3573385991,
        "Kr": "存在已生成的总力战。"
    },
    {
        "Key": 986999103,
        "Kr": "行动点不足。"
    },
    {
        "Key": 4098579131,
        "Kr": "总力战挑战券不足。"
    },
    {
        "Key": 1465803275,
        "Kr": "无法参与。"
    },
    {
        "Key": 767163894,
        "Kr": "已超出可参与人数。"
    },
    {
        "Key": 2838772495,
        "Kr": "没有收到奖励信息。"
    },
    {
        "Key": 2540639998,
        "Kr": "没有找到奖励信息。"
    },
    {
        "Key": 2750737239,
        "Kr": "已领取奖励或没有相关信息。"
    },
    {
        "Key": 3793271115,
        "Kr": "地点信息更新出现错误。"
    },
    {
        "Key": 2658092416,
        "Kr": "奖励信息更新出现错误。"
    },
    {
        "Key": 2650496749,
        "Kr": "奖励领取失败。"
    },
    {
        "Key": 317783289,
        "Kr": "没有找到总力战。"
    },
    {
        "Key": 4088362999,
        "Kr": "总力战不存在。"
    },
    {
        "Key": 3260873820,
        "Kr": "未能更新奖励领取情报。"
    },
    {
        "Key": 1449130769,
        "Kr": "没有玩家参与信息。"
    },
    {
        "Key": 1595339990,
        "Kr": "包含已出战的成员。"
    },
    {
        "Key": 2172607841,
        "Kr": "未成功保存通关信息。"
    },
    {
        "Key": 279935345,
        "Kr": "战斗已结束。"
    },
    {
        "Key": 2862945212,
        "Kr": "无法找到对应信息。"
    },
    {
        "Key": 2350037431,
        "Kr": "当前日期无法进入。"
    },
    {
        "Key": 4154804449,
        "Kr": "胜者信息出现错误。"
    },
    {
        "Key": 2435225822,
        "Kr": "保存信息出现错误。"
    },
    {
        "Key": 3693538322,
        "Kr": "无法找到奖励信息。"
    },
    {
        "Key": 1900014796,
        "Kr": "奖励种子未更新。"
    },
    {
        "Key": 1867831835,
        "Kr": "已击败的敌人数量超出最大值。"
    },
    {
        "Key": 2084469709,
        "Kr": "当前不是赛季期间。"
    },
    {
        "Key": 516360769,
        "Kr": "无法找到分组相关信息。"
    },
    {
        "Key": 2486217945,
        "Kr": "无法找到以往排名信息。"
    },
    {
        "Key": 2972986328,
        "Kr": "排名信息出现错误。"
    },
    {
        "Key": 2131067520,
        "Kr": "战斗信息设置失败。"
    },
    {
        "Key": 697494425,
        "Kr": "已领取本日奖励。"
    },
    {
        "Key": 2703780086,
        "Kr": "当前不是赛季期间。"
    },
    {
        "Key": 2481436170,
        "Kr": "现在还无法再次攻击。\n请稍后再试。"
    },
    {
        "Key": 2528585070,
        "Kr": "对方已经在战斗中。\n请更新列表。"
    },
    {
        "Key": 2742406503,
        "Kr": "无法挑战该排名。"
    },
    {
        "Key": 1443720116,
        "Kr": "请先完成防御编队。"
    },
    {
        "Key": 4160425110,
        "Kr": "没有对战历史。"
    },
    {
        "Key": 2745951414,
        "Kr": "没有获得相关信息。"
    },
    {
        "Key": 892044620,
        "Kr": "没有找到日程数据。"
    },
    {
        "Key": 3165059078,
        "Kr": "没有收到操作数据。"
    },
    {
        "Key": 928979900,
        "Kr": "已执行该日程。"
    },
    {
        "Key": 1627145907,
        "Kr": "已执行该好感日程。"
    },
    {
        "Key": 3703636363,
        "Kr": "无法找到成员。"
    },
    {
        "Key": 2211462200,
        "Kr": "无法找到保存信息。"
    },
    {
        "Key": 1749817446,
        "Kr": "账号已被禁止使用，\n如有任何问题请咨询客服！\n封禁周期至："
    },
    {
        "Key": 600902130,
        "Kr": "认证服务器拒绝了请求。\n将返回标题画面。"
    },
    {
        "Key": 2441522708,
        "Kr": "访问无效。\n将返回标题画面。"
    },
    {
        "Key": 281872164,
        "Kr": "进行中的会话信息已存在。请稍后再试。"
    },
    {
        "Key": 3833806126,
        "Kr": "实时服务器发送了使用开发功能的请求（强制变更为待机状态的功能）。"
    },
    {
        "Key": 2788887398,
        "Kr": "实时服务器发送了使用开发功能的请求（强制无视Yostar验证的功能）。"
    },
    {
        "Key": 329825449,
        "Kr": "连接服务器时出现错误。\n将返回标题画面。"
    },
    {
        "Key": 1764176572,
        "Kr": "连接服务器时出现错误。\n将返回标题画面。"
    },
    {
        "Key": 846737899,
        "Kr": "连接服务器时出现错误。\n将返回标题画面。"
    },
    {
        "Key": 263335428,
        "Kr": "该入场券已被使用。"
    },
    {
        "Key": 1473721350,
        "Kr": "因未满足解锁条件，当前无法进行游戏。"
    },
    {
        "Key": 4199568983,
        "Kr": "请求失败，请重试。"
    },
    {
        "Key": 854479611,
        "Kr": "登录失败。"
    },
    {
        "Key": 1667401147,
        "Kr": "请重试。"
    },
    {
        "Key": 3373019765,
        "Kr": "服务器正在维护。\n将退出应用程序。"
    },
    {
        "Key": 1967620704,
        "Kr": "服务器正在维护，当前内容使用受限。"
    },
    {
        "Key": 1387597489,
        "Kr": "无法连接到服务器。"
    },
    {
        "Key": 874234115,
        "Kr": "当前服务器负载过高。\n正在等待登录，请稍候。\n若不想等待，请点击下方确认按钮。"
    },
    {
        "Key": 4131409760,
        "Kr": "版本号验证失败，请更新游戏版本。"
    },
    {
        "Key": 2025471191,
        "Kr": "没有输入礼包码编号。"
    },
    {
        "Key": 715519178,
        "Kr": "礼包码编号错误。"
    },
    {
        "Key": 1128341386,
        "Kr": "没有找到礼包码信息。"
    },
    {
        "Key": 3770265341,
        "Kr": "该礼包码已被使用。"
    },
    {
        "Key": 1897255150,
        "Kr": "未登记的无效礼包码。"
    },
    {
        "Key": 3600060356,
        "Kr": "该礼包码已失效。"
    },
    {
        "Key": 3406003919,
        "Kr": "该礼包码已兑换。"
    },
    {
        "Key": 2697096147,
        "Kr": "该礼包码已失效。"
    },
    {
        "Key": 1560950739,
        "Kr": "该礼包码无法使用。"
    },
    {
        "Key": 2570594034,
        "Kr": "不符合使用时间的礼包码。"
    },
    {
        "Key": 3143884977,
        "Kr": "日期已变更。\n将返回标题画面。"
    },
    {
        "Key": 1099459407,
        "Kr": "已超出道具使用期限。"
    },
    {
        "Key": 823781795,
        "Kr": "未找到ID。"
    },
    {
        "Key": 1134830357,
        "Kr": "无法购买该商品。"
    },
    {
        "Key": 572639595,
        "Kr": "没有找到玩家信息。"
    },
    {
        "Key": 2305226512,
        "Kr": "玩家等级不足。"
    },
    {
        "Key": 2702264133,
        "Kr": "已超出购买上限。"
    },
    {
        "Key": 1476039225,
        "Kr": "购买记录保存失败。"
    },
    {
        "Key": 1710124296,
        "Kr": "未到月度商品可购买时间。"
    },
    {
        "Key": 3023464381,
        "Kr": "无法获取订单信息。"
    },
    {
        "Key": 1892580245,
        "Kr": "无法获取已购买的订单信息。"
    },
    {
        "Key": 364570626,
        "Kr": "无法获取商品的订单信息。"
    },
    {
        "Key": 2915218317,
        "Kr": "无法获取月度商品的订单信息。"
    },
    {
        "Key": 1834139508,
        "Kr": "无效的发放请求。"
    },
    {
        "Key": 2408040378,
        "Kr": "数据库更新失败。"
    },
    {
        "Key": 1400807002,
        "Kr": "邮件发送失败。"
    },
    {
        "Key": 2091119962,
        "Kr": "无效的账号信息。"
    },
    {
        "Key": 2010887118,
        "Kr": "无法获取购买信息。"
    },
    {
        "Key": 1183429982,
        "Kr": "月度商品更新失败。"
    },
    {
        "Key": 2955685875,
        "Kr": "无法找到认证信息。\n将返回标题画面。"
    },
    {
        "Key": 844584816,
        "Kr": "服务器处理认证信息时发生错误。\n将返回标题画面。"
    },
    {
        "Key": 2966739105,
        "Kr": "发现无效认证信息。\n将返回标题画面。"
    },
    {
        "Key": 2899564018,
        "Kr": "认证信息错误。\n将返回标题画面。"
    },
    {
        "Key": 1556015914,
        "Kr": "发现重复登录。\n将返回标题画面。"
    },
    {
        "Key": 1988324695,
        "Kr": "认证信息已超时。\n将返回标题画面。"
    },
    {
        "Key": 257404051,
        "Kr": "该认证信息为旧版本服务器的信息。\n将返回标题画面。"
    },
    {
        "Key": 2016178701,
        "Kr": "日期已变更。\n将返回标题画面。"
    },
    {
        "Key": 681178497,
        "Kr": "该章节有未达成的任务目标。"
    },
    {
        "Key": 2129400885,
        "Kr": "设置昵称后\n72小时内无法变更。"
    },
    {
        "Key": 3045956905,
        "Kr": "未设置昵称。"
    },
    {
        "Key": 4069281913,
        "Kr": "昵称包含无法使用的文字。"
    },
    {
        "Key": 469714755,
        "Kr": "抱歉，目前没有找到合适的小组，请稍后再试"
    },
    {
        "Key": 3604544587,
        "Kr": "未找到符合搜索条件的小组。"
    },
    {
        "Key": 199871244,
        "Kr": "请先填写要搜索的字符。"
    },
    {
        "Key": 967534405,
        "Kr": "已经加入了小组。"
    },
    {
        "Key": 1998286387,
        "Kr": "已经离开了小组。"
    },
    {
        "Key": 2148321055,
        "Kr": "无法建立小组。"
    },
    {
        "Key": 1143382744,
        "Kr": "该小组成员人数已满。"
    },
    {
        "Key": 3299212715,
        "Kr": "抱歉，您已被取消小组管理员身份"
    },
    {
        "Key": 2071833767,
        "Kr": "抱歉，该申请已失效"
    },
    {
        "Key": 1350002648,
        "Kr": "没有找到小组组员。"
    },
    {
        "Key": 250137538,
        "Kr": "无法删除小组组员。"
    },
    {
        "Key": 1199549907,
        "Kr": "小组内有其他组员时无法解散小组。"
    },
    {
        "Key": 269254824,
        "Kr": "无法离开小组。"
    },
    {
        "Key": 278111411,
        "Kr": "离开小组24小时后，才可以建立或加入别的小组。"
    },
    {
        "Key": 569861543,
        "Kr": "组员权限变更失败。请重试。"
    },
    {
        "Key": 2894419798,
        "Kr": "小组已解散。"
    },
    {
        "Key": 3629172404,
        "Kr": "处理完申请成员后，才可变更加入条件。"
    },
    {
        "Key": 2640579740,
        "Kr": "可以拥有该权限的组员人数已满。"
    },
    {
        "Key": 2226866488,
        "Kr": "请求失败。\n请重试。"
    },
    {
        "Key": 3994088247,
        "Kr": "请求失败。\n请重试。"
    },
    {
        "Key": 4070949931,
        "Kr": "当前状态下无法使用。"
    },
    {
        "Key": 989987378,
        "Kr": "网络连接错误，请重试。\n点击返回大厅。"
    },
    {
        "Key": 1231811525,
        "Kr": "请求失败，请重试。"
    },
    {
        "Key": 2262420626,
        "Kr": "已超出行动点持有上限，无法继续购买。"
    },
    {
        "Key": 367774391,
        "Kr": "网络连接不稳定，暂时无法使用聊天功能。"
    },
    {
        "Key": 602787320,
        "Kr": "付费青辉石为负数时，无法进行游戏。"
    },
    {
        "Key": 3004047387,
        "Kr": "免费青辉石为负数时，无法进行游戏。"
    },
    {
        "Key": 976342321,
        "Kr": "已超出可输入的字符数上限。"
    },
    {
        "Key": 1879314961,
        "Kr": "已达到持有上限，无法继续领取。"
    },
    {
        "Key": 354888554,
        "Kr": "服务器设置值错误，无法进行购买。"
    },
    {
        "Key": 3386131571,
        "Kr": "已超出列表更新时间。"
    },
    {
        "Key": 3044066361,
        "Kr": "已超出编队时间限制。"
    },
    {
        "Key": 2895313259,
        "Kr": "通信环境已更新。\n将返回标题画面。"
    },
    {
        "Key": 3536494282,
        "Kr": "通信状态不稳定。\n将返回标题画面。"
    },
    {
        "Key": 880662068,
        "Kr": "服务器无响应。\n将返回标题画面。"
    },
    {
        "Key": 2143241516,
        "Kr": "内存不足。\n将返回标题画面。"
    },
    {
        "Key": 2519875832,
        "Kr": "客户端异常。\n将返回标题画面。"
    },
    {
        "Key": 261121768,
        "Kr": "排名服务器无响应。\n将返回标题画面。"
    },
    {
        "Key": 3668978765,
        "Kr": "数据已更新，\n将返回标题画面。"
    },
    {
        "Key": 2905977845,
        "Kr": "服务器处理请求失败。\n将返回标题画面。"
    },
    {
        "Key": 2393967944,
        "Kr": "服务器处理请求失败。\n将返回标题画面。"
    },
    {
        "Key": 551069908,
        "Kr": "服务器处理请求失败。\n将返回标题画面。"
    },
    {
        "Key": 240259365,
        "Kr": "客户端在指定时间内发送的请求过多。\n将返回标题画面。"
    },
    {
        "Key": 740556531,
        "Kr": "现在无法获得战术对抗赛奖励。"
    },
    {
        "Key": 124599116,
        "Kr": "没有可领取的战术对抗赛奖励。"
    },
    {
        "Key": 2418221952,
        "Kr": "服务器处理请求失败。\n将返回标题画面。"
    },
    {
        "Key": 2135655308,
        "Kr": "排名过低，无法指定防御用地图。"
    },
    {
        "Key": 2856326245,
        "Kr": "招募已过期。\n将返回标题画面。"
    },
    {
        "Key": 569241788,
        "Kr": "角色等级已达到上限。"
    },
    {
        "Key": 1076112629,
        "Kr": "无效的关卡数据。"
    },
    {
        "Key": 2592514515,
        "Kr": "无法执行快速战斗。"
    },
    {
        "Key": 3430710823,
        "Kr": "无法加入到制造的材料。"
    },
    {
        "Key": 2490705469,
        "Kr": "进行制造时发生错误。"
    },
    {
        "Key": 364169284,
        "Kr": "制造数据包含错误的值。"
    },
    {
        "Key": 507009660,
        "Kr": "装备升级失败。"
    },
    {
        "Key": 1625540169,
        "Kr": "需要增加材料进行装备升级。"
    },
    {
        "Key": 190083373,
        "Kr": "装备进阶失败。"
    },
    {
        "Key": 569149920,
        "Kr": "商品存在问题。"
    },
    {
        "Key": 2847927515,
        "Kr": "费用不足。"
    },
    {
        "Key": 2798337214,
        "Kr": "生日更新失败。"
    },
    {
        "Key": 1426481190,
        "Kr": "费用消耗失败。"
    },
    {
        "Key": 3922891619,
        "Kr": "购买失败。"
    },
    {
        "Key": 3981288380,
        "Kr": "服务器无响应。"
    },
    {
        "Key": 2980092194,
        "Kr": "指定时间内未完成函数处理。"
    },
    {
        "Key": 884407970,
        "Kr": "同步账号信息时发生错误。\n将返回标题画面。"
    },
    {
        "Key": 3944054940,
        "Kr": "同步资源信息时发生错误。\n将返回标题画面。"
    },
    {
        "Key": 1854458240,
        "Kr": "更新剧情数据时发生错误。\n将返回标题画面。"
    },
    {
        "Key": 1788564632,
        "Kr": "小组名包含空格。\n小组名不能包含空格。"
    },
    {
        "Key": 1606628276,
        "Kr": "小组名太短或太长。"
    },
    {
        "Key": 2770189623,
        "Kr": "与成员互动时发生错误。\n将返回大厅。"
    },
    {
        "Key": 1503209846,
        "Kr": "对方排名发生变化。\n将回到战术对抗赛大厅。"
    },
    {
        "Key": 3670806320,
        "Kr": "无法领取奖励。"
    },
    {
        "Key": 2153223226,
        "Kr": "检测到客户端发生更改。\n将返回标题画面。"
    },
    {
        "Key": 1443275327,
        "Kr": "安全模组初始化失败，需要重新启动应用。"
    },
    {
        "Key": 3336944289,
        "Kr": "专属武器已达到最高等级。"
    },
    {
        "Key": 1792965332,
        "Kr": "可通过极限解放扩展最高等级上限。"
    },
    {
        "Key": 3940889778,
        "Kr": "超出时间限制，战斗已结束。"
    },
    {
        "Key": 1542776967,
        "Kr": "因尚未通关总力战，无法领取排名奖励。"
    },
    {
        "Key": 1705407544,
        "Kr": "已超出专属武器升级所需的数量。"
    },
    {
        "Key": 3931378640,
        "Kr": "包含已登记在咖啡厅预设中的家具，无法作为制造原料使用。"
    },
    {
        "Key": 658573648,
        "Kr": "购买已结算完成，但还未进行招募。\n请在以下时间内进行招募（不会产生重复购买）"
    },
    {
        "Key": 1345230216,
        "Kr": "剩余时间: {0}"
    },
    {
        "Key": 3226801384,
        "Kr": "有更新信息需同步，请返回大厅界面。"
    },
    {
        "Key": 1637928881,
        "Kr": "数据同步发生错误。"
    },
    {
        "Key": 3369731642,
        "Kr": "期间已结束，无法入场。"
    },
    {
        "Key": 3994530367,
        "Kr": "已超过限制时间或日期产生变化，无法入场。"
    },
    {
        "Key": 1529682812,
        "Kr": "进行次数已耗尽。"
    },
    {
        "Key": 1709993532,
        "Kr": "有尚未领取的奖励，无法开始新的游戏。"
    },
    {
        "Key": 2845889380,
        "Kr": "已获得过奖励。"
    },
    {
        "Key": 3017282168,
        "Kr": "房间不存在。"
    },
    {
        "Key": 2964710758,
        "Kr": "发生无效数据请求。"
    },
    {
        "Key": 2513956776,
        "Kr": "数据错误。"
    },
    {
        "Key": 1864642385,
        "Kr": "结算已正常完成，但尚未完成招募，请再次在招募界面进行招募（不会产生反复购买）"
    },
    {
        "Key": 2047558969,
        "Kr": "使用的材料已超过必要数字。"
    },
    {
        "Key": 1920124898,
        "Kr": "使用的材料已超过必要数字。"
    },
    {
        "Key": 3507390375,
        "Kr": "使用的材料已超过必要数字。"
    },
    {
        "Key": 3490397281,
        "Kr": "请输入正确的文字。"
    },
    {
        "Key": 1747331783,
        "Kr": "购买1件商品后即可进行更新。"
    },
    {
        "Key": 3861829530,
        "Kr": "不存在拥有记忆大厅的成员。"
    },
    {
        "Key": 2744957643,
        "Kr": "因有新增数据需要更新，重新连接。"
    },
    {
        "Key": 697699156,
        "Kr": "包含不可编组的成员，无法出击。"
    },
    {
        "Key": 2785402308,
        "Kr": "好友数已达到上限，无法申请。"
    },
    {
        "Key": 126229189,
        "Kr": "好友数已达到上限，无法接受申请。"
    },
    {
        "Key": 2367091035,
        "Kr": "申请中的好友数已达到上限，无法申请好友。"
    },
    {
        "Key": 1264542676,
        "Kr": "对方的好友数已达到上限，无法申请好友。"
    },
    {
        "Key": 3076130328,
        "Kr": "对方待接受的好友请求数已达到上限，无法申请好友。"
    },
    {
        "Key": 3202852766,
        "Kr": "对方不是好友。"
    },
    {
        "Key": 3863520183,
        "Kr": "已加为好友。"
    },
    {
        "Key": 3400388344,
        "Kr": "创建ID卡失败。"
    },
    {
        "Key": 337993265,
        "Kr": "输入的好友码不存在。"
    },
    {
        "Key": 2267537515,
        "Kr": "此用户为无法接受好友申请的用户。"
    },
    {
        "Key": 3587383162,
        "Kr": "请求失败，请再试一次。"
    },
    {
        "Key": 1186923194,
        "Kr": "无法向自己发送好友申请。"
    },
    {
        "Key": 3964055362,
        "Kr": "此为自己的好友码。"
    },
    {
        "Key": 936218380,
        "Kr": "有尚未使用的自选券。\n请在以下期间内使用。"
    },
    {
        "Key": 2100477460,
        "Kr": "未持有3★成员自选券。\n购买自选券后，可选择成员招募。"
    },
    {
        "Key": 1703914045,
        "Kr": "此商品每个账号只能购买1次。"
    },
    {
        "Key": 2193719013,
        "Kr": "此首领已被击败。"
    },
    {
        "Key": 2070149033,
        "Kr": "目前无法挑战此战斗。"
    },
    {
        "Key": 1682605423,
        "Kr": "目前无法挑战此战斗。"
    },
    {
        "Key": 614842256,
        "Kr": "目前无法挑战此战斗。"
    },
    {
        "Key": 866734449,
        "Kr": "目前非可获取期间。"
    },
    {
        "Key": 2984740428,
        "Kr": "已超过可输入的最大字数。"
    },
    {
        "Key": 3694147787,
        "Kr": "剩余时间: {0}"
    },
    {
        "Key": 4050948436,
        "Kr": "无法重复兑换礼包码"
    },
    {
        "Key": 1044115767,
        "Kr": "此礼包码已被使用。"
    },
    {
        "Key": 229924161,
        "Kr": "今天的助力者可编队次数已用尽。"
    },
    {
        "Key": 2896478356,
        "Kr": "已编组的部队无法更改。"
    },
    {
        "Key": 74584359,
        "Kr": "包含不可编组的成员。"
    },
    {
        "Key": 2426984458,
        "Kr": "尚未拥有此背景。"
    },
    {
        "Key": 4156782493,
        "Kr": "无法只使用助力者进入战斗。"
    },
    {
        "Key": 2239305032,
        "Kr": "未与我方领域相邻，无法前进。"
    },
    {
        "Key": 3597640989,
        "Kr": "无法只使用助力者进入战斗。"
    },
    {
        "Key": 635909163,
        "Kr": "无法只使用助力者进入战斗。"
    },
    {
        "Key": 2898246963,
        "Kr": "超过了持有上限。\n请消耗道具后再尝试。"
    },
    {
        "Key": 336268343,
        "Kr": "是比现在的等级更高的难易度。\n要挑战吗？"
    },
    {
        "Key": 4220524733,
        "Kr": "还在准备中的难易度。"
    },
    {
        "Key": 4272144267,
        "Kr": "未持有的贴纸。"
    },
    {
        "Key": 2679306329,
        "Kr": "未持有的贴纸。"
    },
    {
        "Key": 14749936,
        "Kr": "没有贴纸簿信息。"
    },
    {
        "Key": 4280485597,
        "Kr": "已黏贴的贴纸。"
    },
    {
        "Key": 2689814996,
        "Kr": "无效的关卡。"
    },
    {
        "Key": 774325742,
        "Kr": "通关部队信息已到期。"
    },
    {
        "Key": 2003150184,
        "Kr": "未找到场地探索数据。"
    },
    {
        "Key": 468627021,
        "Kr": "和对象互动失败。"
    },
    {
        "Key": 436191477,
        "Kr": "任务完成时发生错误。"
    },
    {
        "Key": 1099196264,
        "Kr": "活动场景变更失败。"
    },
    {
        "Key": 3719177960,
        "Kr": "场地探索结束失败。"
    },
    {
        "Key": 3605770317,
        "Kr": "任务生成失败。"
    },
    {
        "Key": 4189976503,
        "Kr": "重玩信息重置失败。"
    },
    {
        "Key": 423837306,
        "Kr": "熟练度增加时发生错误。"
    },
    {
        "Key": 1281004619,
        "Kr": "战斗数据发生错误。"
    },
    {
        "Key": 1535161669,
        "Kr": "战斗入场失败。"
    },
    {
        "Key": 617231319,
        "Kr": "场地探索活动期间已结束。"
    },
    {
        "Key": 993521222,
        "Kr": "不符合场地探索所需的条件。"
    },
    {
        "Key": 648895849,
        "Kr": "不符合邀请约会所需的条件。"
    },
    {
        "Key": 616668617,
        "Kr": "当前有正在观看的结局故事，请在继续播放完成结局后重试。"
    },
    {
        "Key": 667254186,
        "Kr": "已超过可选择的最大关卡数量。"
    },
    {
        "Key": 3892642851,
        "Kr": "请求失败，请重试。"
    },
    {
        "Key": 2885117158,
        "Kr": "无法确认用户信息。"
    },
    {
        "Key": 1791868885,
        "Kr": "无法向被屏蔽的用户发送好友申请。"
    },
    {
        "Key": 2012934882,
        "Kr": "未能找到编队中应用的助战成员，正在更新编队内容。"
    },
    {
        "Key": 216576929,
        "Kr": "屏蔽列表人数已达上限，无法继续屏蔽。"
    },
    {
        "Key": 1163792356,
        "Kr": "已超过可设置的道具数量上限。"
    },
    {
        "Key": 2012218285,
        "Kr": "同步优惠信息时发生错误。"
    },
    {
        "Key": 2301337179,
        "Kr": "请求失败。"
    },
    {
        "Key": 4284073730,
        "Kr": "当前无法修改昵称。"
    },
    {
        "Key": 3094046990,
        "Kr": "当前无法修改问候语。"
    },
    {
        "Key": 1319625247,
        "Kr": "当前无法修改称号。"
    },
    {
        "Key": 305394291,
        "Kr": "当前无法播放称号动画。"
    },
    {
        "Key": 1248443640,
        "Kr": "没有可访问的咖啡馆。"
    },
    {
        "Key": 963278386,
        "Kr": "无法访问目标用户的咖啡馆。"
    },
    {
        "Key": 1978647219,
        "Kr": "目标用户的咖啡馆尚未解锁，无法访问。"
    },
    {
        "Key": 1422560270,
        "Kr": "没有申请加入小组"
    },
    {
        "Key": 2415517664,
        "Kr": "抱歉，您已被移出小组"
    },
    {
        "Key": 3820097803,
        "Kr": "抱歉，您的操作已超时，请退出后重试"
    },
    {
        "Key": 3198026923,
        "Kr": "充值异常。\n将返回开始页面。\n※如您充值后长时间未到账，可联系「客服」进行处理。"
    },
    {
        "Key": 3989678419,
        "Kr": "战斗服务器发生错误。\n将返回标题画面。"
    },
    {
        "Key": 2401284787,
        "Kr": "服务器繁忙，请稍后重试。"
    },
    {
        "Key": 2786249034,
        "Kr": "文本中包含违规字符，请重新输入 。"
    },
    {
        "Key": 335559805,
        "Kr": "网络错误，请稍后重试。"
    },
    {
        "Key": 2255574479,
        "Kr": "检测到存在已支付的异常订单，将返回登录界面重新获取订单信息。\n\n※如您遇到充值后长时间未到账，可以联系“客服”处理。"
    },
    {
        "Key": 1053288090,
        "Kr": "日期已变更\n将返回标题画面。"
    },
    {
        "Key": 2488576877,
        "Kr": "小组内有其他组员时无法解散小组。"
    },
    {
        "Key": 901129598,
        "Kr": "设置助力者后的1分钟内无法重新进行设置。"
    },
    {
        "Key": 4170972517,
        "Kr": "当前成员无法邀请"
    },
    {
        "Key": 1843053281,
        "Kr": "今日消费已达上限请明日再试（占位）"
    },
    {
        "Key": 4216929410,
        "Kr": "赛季信息已变更。\n将返回标题画面。"
    },
    {
        "Key": 3170767589,
        "Kr": "该小组成员非活跃组员，暂时无法转让。"
    },
    {
        "Key": 3845352343,
        "Kr": "该功能暂时无法使用。"
    },
    {
        "Key": 2180668157,
        "Kr": "当前区服无法使用此礼包码。"
    },
    {
        "Key": 2464472860,
        "Kr": "请求过于频繁，请稍后再试。"
    },
    {
        "Key": 2911926680,
        "Kr": "无法重复兑换此礼包码内容。"
    },
    {
        "Key": 3307557487,
        "Kr": "选择部队包含未持有成员"
    }
]