[
    {
        "TalkId": 1,
        "LocalizeKR": "首先请允许我为您说明一下[c][007eff]技能卡系统[-][/c]。"
    },
    {
        "TalkId": 1,
        "LocalizeKR": "参加战斗的成员们，各自拥有一张[c][007eff]必杀技能卡[-][/c]。"
    },
    {
        "TalkId": 1,
        "LocalizeKR": "战斗时会随机抽取其中3名成员的技能卡。"
    },
    {
        "TalkId": 1,
        "LocalizeKR": "点击需要的技能卡，即可使用技能。"
    },
    {
        "TalkId": 2,
        "LocalizeKR": "使用技能需要\n消耗相应的[c][007eff]蓄能值[-][/c]，"
    },
    {
        "TalkId": 2,
        "LocalizeKR": "蓄能值会[c][007eff]自动充填[-][/c]，并显示在能量条上。"
    },
    {
        "TalkId": 3,
        "LocalizeKR": "成员们在发现[c][007eff]掩体[-][/c]时，会[c][007eff]自动进行掩蔽[-][/c]。"
    },
    {
        "TalkId": 3,
        "LocalizeKR": "掩蔽期间可以抵挡敌人的大部分攻击， "
    },
    {
        "TalkId": 3,
        "LocalizeKR": "因此有效地进行掩蔽是作战的要领所在。"
    },
    {
        "TalkId": 3,
        "LocalizeKR": "但请注意，有些成员无法进行掩蔽，并且掩体也可能会被敌人的攻击破坏。"
    },
    {
        "TalkId": 4,
        "LocalizeKR": "前方的敌人聚成了一团呢。"
    },
    {
        "TalkId": 4,
        "LocalizeKR": "[c][007eff]铃美[-][/c]小姐的技能对[c][007eff]成群的敌人[-][/c]非常有效，请尝试一下吧。"
    },
    {
        "TalkId": 4,
        "LocalizeKR": "请在点击技能卡后，选择成群的敌人。"
    },
    {
        "TalkId": 5,
        "LocalizeKR": "接下来试试[c][007eff]优香[-][/c]小姐的技能吧。"
    },
    {
        "TalkId": 5,
        "LocalizeKR": "[c][007eff]优香[-][/c]小姐的技能可以进行[c][007eff]自我强化[-][/c]，请点击技能卡后再点击优香小姐。"
    },
    {
        "TalkId": 6,
        "LocalizeKR": "现在我们需要对付十字号坦克了！"
    },
    {
        "TalkId": 6,
        "LocalizeKR": "十字号坦克的防御类型属于[c][007eff]重装甲[-][/c]，使用[c][007eff]贯穿型技能[-][/c]可以对其造成额外伤害。"
    },
    {
        "TalkId": 6,
        "LocalizeKR": "[c][007eff]莲见[-][/c]小姐的技能就是[c][007eff]贯穿型[-][/c]，供您参考。"
    },
    {
        "TalkId": 7,
        "LocalizeKR": "现在，老师的工作正式开始了！"
    },
    {
        "TalkId": 7,
        "LocalizeKR": "不过……\n由于沙勒刚刚成立不久，\n目前的成员数还不是很多……"
    },
    {
        "TalkId": 7,
        "LocalizeKR": "为了工作可以顺利进行，\n请招募更多成员加入沙勒吧！"
    },
    {
        "TalkId": 30001,
        "LocalizeKR": "在确定招募结果之前，阿洛娜先来和您讲一讲筛选招募吧！"
    },
    {
        "TalkId": 30001,
        "LocalizeKR": "您可以进行额外的筛选招募，画面中会显示剩余次数。"
    },
    {
        "TalkId": 30002,
        "LocalizeKR": "如果您要保存当前招募结果，请点击【保存结果】按钮！"
    },
    {
        "TalkId": 30003,
        "LocalizeKR": "保存的招募结果可以在这里查看。"
    },
    {
        "TalkId": 30004,
        "LocalizeKR": "您只能保存最新一次的招募结\n果，一定要注意哦！"
    },
    {
        "TalkId": 30004,
        "LocalizeKR": "您可以点击【再次开始】按钮再次开始筛选招募。"
    },
    {
        "TalkId": 30005,
        "LocalizeKR": "最后可以点击【选择结果】按钮确定招募结果哦！"
    },
    {
        "TalkId": 30006,
        "LocalizeKR": "说明就到这里啦，我们快去与新的成员见面吧！"
    },
    {
        "TalkId": 8,
        "LocalizeKR": "招募到新的成员啦！"
    },
    {
        "TalkId": 8,
        "LocalizeKR": "那么，接下来就去处理\n联邦理事会交代的工作吧。"
    },
    {
        "TalkId": 9,
        "LocalizeKR": "现在，我们就要去对付\n扰乱基沃托斯和平的恶势力了！"
    },
    {
        "TalkId": 10,
        "LocalizeKR": "这是战略地图。可以将成员们\n以部队为单位进行部署并移动，\n从宏观的角度来执行作战行动。"
    },
    {
        "TalkId": 10,
        "LocalizeKR": "请点击【开始】棋格，\n投入我方部队吧！"
    },
    {
        "TalkId": 11,
        "LocalizeKR": "我们来试着给刚刚招募的成员编组吧？"
    },
    {
        "TalkId": 12,
        "LocalizeKR": "部队分为在战场正面\n战斗的突击部队，"
    },
    {
        "TalkId": 13,
        "LocalizeKR": "和在后方负责支援\n战斗的支援部队。"
    },
    {
        "TalkId": 14,
        "LocalizeKR": "编组完毕，准备出击！"
    },
    {
        "TalkId": 15,
        "LocalizeKR": "点击【开始任务】按钮来执行任务吧！"
    },
    {
        "TalkId": 16,
        "LocalizeKR": "点击邻接的棋格，部队就会移动到那里。"
    },
    {
        "TalkId": 16,
        "LocalizeKR": "那么先移动到敌人所在的棋格，展开战斗吧！"
    },
    {
        "TalkId": 17,
        "LocalizeKR": "已经移动过的我方部队\n在本回合内就不可以再次移动了。"
    },
    {
        "TalkId": 17,
        "LocalizeKR": "点击【回合结束】按钮来结束回合吧。"
    },
    {
        "TalkId": 18,
        "LocalizeKR": "又轮到我们的回合了！"
    },
    {
        "TalkId": 18,
        "LocalizeKR": "现在敌人只剩首领一关啦！"
    },
    {
        "TalkId": 19,
        "LocalizeKR": "执行任务时，在哪种地形上战斗是很重要的。"
    },
    {
        "TalkId": 20,
        "LocalizeKR": "在这里可以查看当前战场的地形。"
    },
    {
        "TalkId": 20,
        "LocalizeKR": "有些类型的成员可以在特定地形发挥更强大的威力，请留意哦！"
    },
    {
        "TalkId": 21,
        "LocalizeKR": "嗯，基本的战斗方法已经全部说明完毕啦。"
    },
    {
        "TalkId": 21,
        "LocalizeKR": "接下来，就需要老师来解决\n在基沃托斯发生的各种各样的事件了！"
    },
    {
        "TalkId": 21,
        "LocalizeKR": "那么，先返回大厅吧！"
    },
    {
        "TalkId": 22,
        "LocalizeKR": "编入部队的成员越多，\n使用技能时所需的蓄能值的\n恢复速度会越快。"
    },
    {
        "TalkId": 22,
        "LocalizeKR": "突击部队和支援部队都配置了人员的时候，"
    },
    {
        "TalkId": 22,
        "LocalizeKR": "蓄能值的恢复速度会更快，\n所以尽可能配置更多的成员吧！"
    },
    {
        "TalkId": 23,
        "LocalizeKR": "辛苦了，老师。这里就是沙勒的大厅。"
    },
    {
        "TalkId": 23,
        "LocalizeKR": "您以后会在这里处理各种工作。"
    },
    {
        "TalkId": 23,
        "LocalizeKR": "……咦？有人来消息了。"
    },
    {
        "TalkId": 24,
        "LocalizeKR": "【桃信】是大家在基沃托斯普遍使用的聊天软件。"
    },
    {
        "TalkId": 24,
        "LocalizeKR": "以后老师可以通过它来和成员们聊天，"
    },
    {
        "TalkId": 24,
        "LocalizeKR": "或查看成员们的好感信息。"
    },
    {
        "TalkId": 25,
        "LocalizeKR": "新收到的消息会单独显示在左侧。"
    },
    {
        "TalkId": 26,
        "LocalizeKR": "点击图标查看一下消息吧！"
    },
    {
        "TalkId": 27,
        "LocalizeKR": "啊，是优香小姐！"
    },
    {
        "TalkId": 27,
        "LocalizeKR": "内容当然由老师亲自来确认哦。"
    },
    {
        "TalkId": 28,
        "LocalizeKR": "或许还能收到意料之外的东西呢……？"
    },
    {
        "TalkId": 9999,
        "LocalizeKR": "在这里可以查看故事内容。"
    },
    {
        "TalkId": 9999,
        "LocalizeKR": "主线故事中会解决在基沃托斯发生的各种事件，"
    },
    {
        "TalkId": 9999,
        "LocalizeKR": "支线故事则包含了成员们的日常生活。"
    },
    {
        "TalkId": 9999,
        "LocalizeKR": "除此之外还可以观看各种各样的小故事，\n请别忘了查看哦！"
    },
    {
        "TalkId": 9999,
        "LocalizeKR": "在这里可以安排老师的日程！"
    },
    {
        "TalkId": 9999,
        "LocalizeKR": "老师可以和成员们一起选择并执行各种各样的日程。"
    },
    {
        "TalkId": 9999,
        "LocalizeKR": "那我们先去沙勒业务区看看吧？"
    },
    {
        "TalkId": 9999,
        "LocalizeKR": "选择准备好的工作安排，\n可以提升参加该日程的成员们的好感度！"
    },
    {
        "TalkId": 9999,
        "LocalizeKR": "执行日程是有次数限制的，\n所以要慎重决定哦！"
    },
    {
        "TalkId": 35,
        "LocalizeKR": "困难任务开放了！"
    },
    {
        "TalkId": 35,
        "LocalizeKR": "这是很重要的任务哦，\n我们一起来看一下吧。"
    },
    {
        "TalkId": 36,
        "LocalizeKR": "困难任务的难度更高，\n所以能获得更丰富的奖励。"
    },
    {
        "TalkId": 36,
        "LocalizeKR": "但一天内可以挑战的次数是有限的，这点请您留意哦。"
    },
    {
        "TalkId": 37,
        "LocalizeKR": "那我们就进入任务看一看吧！"
    },
    {
        "TalkId": 38,
        "LocalizeKR": "在困难任务中，\n视野范围通常会很难确保。"
    },
    {
        "TalkId": 39,
        "LocalizeKR": "在看不见的区域中隐藏着的\n究竟是敌人还是重要道具，\n只能由我们亲自去确认。"
    },
    {
        "TalkId": 39,
        "LocalizeKR": "因此必须做出更加有战略性的判断！"
    },
    {
        "TalkId": 39,
        "LocalizeKR": "那么开始吧！"
    },
    {
        "TalkId": 40,
        "LocalizeKR": "在特别任务中可以选择老师想要执行的任务。"
    },
    {
        "TalkId": 40,
        "LocalizeKR": "不同的任务需要用到不同的战略组合，\n找到适合各个任务的攻略方法是很重要的！"
    },
    {
        "TalkId": 41,
        "LocalizeKR": "这次来选择【据点防御】任务吧。"
    },
    {
        "TalkId": 42,
        "LocalizeKR": "在这里可以查看任务信息。"
    },
    {
        "TalkId": 43,
        "LocalizeKR": "确认当前战场的地形是很重要的。"
    },
    {
        "TalkId": 43,
        "LocalizeKR": "有些类型的成员可以在\n特定地形中发挥更强大的威力，\n因此根据地形来配置成员会比较有利。"
    },
    {
        "TalkId": 44,
        "LocalizeKR": "那么，现在就进入特别任务吧。"
    },
    {
        "TalkId": 45,
        "LocalizeKR": "【据点防御】中会有很多敌人蜂拥而至，\n因此大范围攻击技能是非常有效的。"
    },
    {
        "TalkId": 45,
        "LocalizeKR": "请综合考虑战斗思路和地形因素，\n再来为成员们编队吧！"
    },
    {
        "TalkId": 49,
        "LocalizeKR": "总力战是与极其强大的首领进行战斗的任务。"
    },
    {
        "TalkId": 49,
        "LocalizeKR": "一天内可以参加战斗的次数是有限的，所以要慎重考虑后\n再进行战斗！"
    },
    {
        "TalkId": 50,
        "LocalizeKR": "总力战分为不同的难度，\n越困难的难度就可以获得越丰厚的奖励。"
    },
    {
        "TalkId": 51,
        "LocalizeKR": "那我就先介绍到这里了！\n期待老师的精彩表现哦！"
    },
    {
        "TalkId": 52,
        "LocalizeKR": "在战术对抗赛中可以通过与其他成员们战斗来争夺排名。"
    },
    {
        "TalkId": 52,
        "LocalizeKR": "在这里可以查看参赛队伍的列表。"
    },
    {
        "TalkId": 53,
        "LocalizeKR": "请先点击这个按钮来组织防御。"
    },
    {
        "TalkId": 54,
        "LocalizeKR": "组织防御的要点是选择地图时可以选择对老师有利的地形！"
    },
    {
        "TalkId": 54,
        "LocalizeKR": "请灵活运用地图的选择和成员技能的组合来组织防御吧！"
    },
    {
        "TalkId": 55,
        "LocalizeKR": "期待老师在战术对抗赛中的精彩表现哦！"
    },
    {
        "TalkId": 56,
        "LocalizeKR": "这次来了解一下怎样培养各位成员吧。"
    },
    {
        "TalkId": 56,
        "LocalizeKR": "首先选择需要培养的成员！"
    },
    {
        "TalkId": 57,
        "LocalizeKR": "在成员信息中可以查看成员的基础能力值信息。"
    },
    {
        "TalkId": 57,
        "LocalizeKR": "在这一栏可以查看各位成员的装备，"
    },
    {
        "TalkId": 58,
        "LocalizeKR": "还有【升级】、【神秘解放】、【技能成长】等"
    },
    {
        "TalkId": 58,
        "LocalizeKR": "多种培养成员的方法。"
    },
    {
        "TalkId": 59,
        "LocalizeKR": "那先来看一下最基础的【升级】吧！"
    },
    {
        "TalkId": 60,
        "LocalizeKR": "在这里可以查看成员升级时所提升的能力值信息。"
    },
    {
        "TalkId": 61,
        "LocalizeKR": "升级时需要【活动报告书】， "
    },
    {
        "TalkId": 62,
        "LocalizeKR": "活动报告书可以通过完成不同的工作来获得。"
    },
    {
        "TalkId": 62,
        "LocalizeKR": "成员最高可以升至与老师相同的等级。\n别忘了及时帮助成员成长哦！"
    },
    {
        "TalkId": 63,
        "LocalizeKR": "接下来看一看成员们的装备吧。"
    },
    {
        "TalkId": 63,
        "LocalizeKR": "先来选择一名要进行装备管理的成员。"
    },
    {
        "TalkId": 64,
        "LocalizeKR": "可以在下方装备栏确认成员的装备。"
    },
    {
        "TalkId": 65,
        "LocalizeKR": "在已解锁的栏位上可以穿戴需要的装备，"
    },
    {
        "TalkId": 65,
        "LocalizeKR": "未解锁的栏位会在成员升级以后依次开放。"
    },
    {
        "TalkId": 65,
        "LocalizeKR": "装备可以通过这个按钮来进行强化。"
    },
    {
        "TalkId": 66,
        "LocalizeKR": "穿戴更好的装备可以提升成员的战斗能力和斗志哦！"
    },
    {
        "TalkId": 66,
        "LocalizeKR": "用更强的装备来帮助成员快速成长吧！"
    },
    {
        "TalkId": 67,
        "LocalizeKR": "欢迎，老师。\n这里是沙勒附属的咖啡厅。"
    },
    {
        "TalkId": 67,
        "LocalizeKR": "在这里可以和来访的\n成员们打招呼，还可以\n获得咖啡厅的收益。"
    },
    {
        "TalkId": 67,
        "LocalizeKR": "通过点击的方式就可以与来访的成员们进行互动。"
    },
    {
        "TalkId": 68,
        "LocalizeKR": "那么现在，我来把老师在咖啡厅\n能做的事情详细说明一下吧。"
    },
    {
        "TalkId": 69,
        "LocalizeKR": "老师可以用精美的家具装饰咖啡厅，或者给来访的成员们赠送礼物。"
    },
    {
        "TalkId": 69,
        "LocalizeKR": "在右侧可以查看咖啡厅当前的经营状况。"
    },
    {
        "TalkId": 70,
        "LocalizeKR": "咖啡厅的舒适度会随着配置的家具而变化。"
    },
    {
        "TalkId": 70,
        "LocalizeKR": "然后根据舒适度的变化，咖啡厅的收益也会不同！"
    },
    {
        "TalkId": 71,
        "LocalizeKR": "在这里可以查看并领取咖啡厅获得的收益。"
    },
    {
        "TalkId": 72,
        "LocalizeKR": "收益的保管是有上限的，\n超过上限值的收益就会消失，\n请多加留意哦！"
    },
    {
        "TalkId": 73,
        "LocalizeKR": "现在来了解一下如何查看并提升成员的技能吧？"
    },
    {
        "TalkId": 73,
        "LocalizeKR": "首先，请选择想要查看的成员。"
    },
    {
        "TalkId": 74,
        "LocalizeKR": "在这里可以查看成员拥有的技能。"
    },
    {
        "TalkId": 75,
        "LocalizeKR": "来更详细地查看一下吧。"
    },
    {
        "TalkId": 76,
        "LocalizeKR": "点击各个技能，就能看到该技能的详细说明哦。"
    },
    {
        "TalkId": 76,
        "LocalizeKR": "那么怎样才能提升这些技能呢…… "
    },
    {
        "TalkId": 77,
        "LocalizeKR": "在这里可以选择技能并且提升它们的等级。"
    },
    {
        "TalkId": 78,
        "LocalizeKR": "不仅可以预先查看技能的下一个等级，"
    },
    {
        "TalkId": 79,
        "LocalizeKR": "还可以查看升级所需的各种材料。"
    },
    {
        "TalkId": 80,
        "LocalizeKR": "收集材料来提升成员们的技能吧！"
    },
    {
        "TalkId": 140001,
        "LocalizeKR": "获得【记忆大厅】啦！ "
    },
    {
        "TalkId": 140001,
        "LocalizeKR": "这里保存着与成员们之间的珍贵回忆。"
    },
    {
        "TalkId": 140001,
        "LocalizeKR": "机会难得，就再来看一遍吧？"
    },
    {
        "TalkId": 140002,
        "LocalizeKR": "这里可以选择给老师的工作提供帮助的值班成员。"
    },
    {
        "TalkId": 140002,
        "LocalizeKR": "当值的成员会在沙勒的大厅里待命。"
    },
    {
        "TalkId": 140002,
        "LocalizeKR": "通过这个图标可以确认是否拥有记忆大厅。"
    },
    {
        "TalkId": 140003,
        "LocalizeKR": "如果值班的是拥有记忆大厅的成员的话……"
    },
    {
        "TalkId": 140004,
        "LocalizeKR": "这里就会出现记忆大厅切换按钮。"
    },
    {
        "TalkId": 140005,
        "LocalizeKR": "系统设置中还有记忆大厅的相关选项，记得确认哦！"
    },
    {
        "TalkId": 150001,
        "LocalizeKR": "这里可以通过倍速按钮来调整战斗速度。"
    },
    {
        "TalkId": 150001,
        "LocalizeKR": "以适合自己的速度来指挥战斗吧！"
    },
    {
        "TalkId": 160001,
        "LocalizeKR": "这里是制造工坊。"
    },
    {
        "TalkId": 160001,
        "LocalizeKR": "在这里投入各种材料，\n就可以获得各种不同的道具。"
    },
    {
        "TalkId": 160001,
        "LocalizeKR": "点击【开始制造】可以启动制造工坊。"
    },
    {
        "TalkId": 160001,
        "LocalizeKR": "试试点击【开始制造】吧。"
    },
    {
        "TalkId": 160002,
        "LocalizeKR": "通过制造工坊进行制造时需要用到拱心石。"
    },
    {
        "TalkId": 160003,
        "LocalizeKR": "投入拱心石，点击【启动】按钮即可进行制造。"
    },
    {
        "TalkId": 160004,
        "LocalizeKR": "制造时，可以通过备选项来变更最终得到的道具。"
    },
    {
        "TalkId": 160004,
        "LocalizeKR": "选好所有选项后，等待一定的时间即可完成制造。"
    },
    {
        "TalkId": 160005,
        "LocalizeKR": "试着通过制造工坊来制造各种各样的道具吧！"
    },
    {
        "TalkId": 170001,
        "LocalizeKR": "老师可以在这里安排日程！"
    },
    {
        "TalkId": 170001,
        "LocalizeKR": "老师可以和成员们一起选择并执行各种各样的日程。"
    },
    {
        "TalkId": 170001,
        "LocalizeKR": "我们先去沙勒业务区看看吧？"
    },
    {
        "TalkId": 170002,
        "LocalizeKR": "执行准备好的日程，\n可以增加参加该日程的成员们的好感度！"
    },
    {
        "TalkId": 170002,
        "LocalizeKR": "执行日程是有次数限制的，\n所以要慎重决定哦！"
    },
    {
        "TalkId": 170003,
        "LocalizeKR": "一开始每天的日程执行次数虽然很有限，"
    },
    {
        "TalkId": 170003,
        "LocalizeKR": "但随着日后区域等级渐渐提升，\n就可以安排更丰富的日程！"
    },
    {
        "TalkId": 170003,
        "LocalizeKR": "我们来看一下现在可以执行的日程吧！"
    },
    {
        "TalkId": 170004,
        "LocalizeKR": "在这里可以查看全部的日程！"
    },
    {
        "TalkId": 170004,
        "LocalizeKR": "现在就去执行日程，\n获得丰富的奖励和好感度吧！"
    },
    {
        "TalkId": 180001,
        "LocalizeKR": "有一名未招募成员的神名文字已经全部集满了呢。"
    },
    {
        "TalkId": 180001,
        "LocalizeKR": "接下来试一下用神名文字来招募成员吧。"
    },
    {
        "TalkId": 180002,
        "LocalizeKR": "请选择神名文字已全部集满的成员。"
    },
    {
        "TalkId": 180003,
        "LocalizeKR": "成员的神名文字集满后，\n就可以通过【神名文字兑换】来招募新成员。"
    },
    {
        "TalkId": 180003,
        "LocalizeKR": "还有一种办法，就是不立即兑\n换，而是通过【招募】获得相\n应成员后，在【神秘解放】中\n使用该成员的神名文字。"
    },
    {
        "TalkId": 180004,
        "LocalizeKR": "那么就先到这里了，\n以后也要继续加油哦，老师！"
    },
    {
        "TalkId": 190001,
        "LocalizeKR": "可以在这里查看基沃托斯发生的各种故事。"
    },
    {
        "TalkId": 190001,
        "LocalizeKR": "首先是主线故事。"
    },
    {
        "TalkId": 190002,
        "LocalizeKR": "在主线故事中可以体验在基沃托斯发生的主要事件。"
    },
    {
        "TalkId": 190002,
        "LocalizeKR": "下一个是支线故事！"
    },
    {
        "TalkId": 190003,
        "LocalizeKR": "在支线故事中可以查看\n包括各个社团的故事在内的\n多种短篇故事。"
    },
    {
        "TalkId": 190003,
        "LocalizeKR": "已经观看过的故事也可以通过档案再次观看。"
    },
    {
        "TalkId": 190004,
        "LocalizeKR": "好啦，老师以后也要继续加油哦！"
    },
    {
        "TalkId": 200001,
        "LocalizeKR": "现在可以执行特别委托了。"
    },
    {
        "TalkId": 200001,
        "LocalizeKR": "一起来看一下吧！"
    },
    {
        "TalkId": 200001,
        "LocalizeKR": "首先是据点防御。"
    },
    {
        "TalkId": 200002,
        "LocalizeKR": "据点防御是需要击退众多蜂拥而至的敌人的任务。"
    },
    {
        "TalkId": 200002,
        "LocalizeKR": "完成后可以获得【活动报告书】作为奖励。"
    },
    {
        "TalkId": 200002,
        "LocalizeKR": "然后是信用回收。"
    },
    {
        "TalkId": 200003,
        "LocalizeKR": "信用回收是需要在有限时间内快速击败敌人的任务。"
    },
    {
        "TalkId": 200003,
        "LocalizeKR": "完成后可以获得【信用积分】作为奖励。"
    },
    {
        "TalkId": 200003,
        "LocalizeKR": "特别委托没有入场次数限制，\n所以可以无限执行！"
    },
    {
        "TalkId": 210001,
        "LocalizeKR": "现在可以进行悬赏通缉了。"
    },
    {
        "TalkId": 210002,
        "LocalizeKR": "悬赏通缉是需要追击逃亡的恶势力的任务。"
    },
    {
        "TalkId": 210002,
        "LocalizeKR": "完成后可以获得\n【技能成长材料】作为奖励。"
    },
    {
        "TalkId": 210002,
        "LocalizeKR": "执行悬赏通缉必须要有挑战券。"
    },
    {
        "TalkId": 210003,
        "LocalizeKR": "请放心，挑战券的数量会在每天的指定时间恢复！"
    },
    {
        "TalkId": 210003,
        "LocalizeKR": "啊，然后是最重要的【学院增益效果】。"
    },
    {
        "TalkId": 210004,
        "LocalizeKR": "每个悬赏通缉任务都有学院可以获得相应的增益效果。"
    },
    {
        "TalkId": 210005,
        "LocalizeKR": "尽可能在队伍编入更多相应的成员，"
    },
    {
        "TalkId": 210005,
        "LocalizeKR": "就可以轻松地完成任务，这一点要记住哦！"
    },
    {
        "TalkId": 210005,
        "LocalizeKR": "那么悬赏通缉任务也拜托老师了！ "
    },
    {
        "TalkId": 220001,
        "LocalizeKR": "这次我们来了解一下账号绑定。"
    },
    {
        "TalkId": 220001,
        "LocalizeKR": "那先去绑定账号吧！"
    },
    {
        "TalkId": 220002,
        "LocalizeKR": "在这里，老师可以将自己的账号\n与各种社交账号绑定。"
    },
    {
        "TalkId": 220003,
        "LocalizeKR": "绑定账号后，在其他设备上\n登录或重新下载游戏时， "
    },
    {
        "TalkId": 220003,
        "LocalizeKR": "或在其他多种情况下，\n可以更方便地进行游戏。"
    },
    {
        "TalkId": 220003,
        "LocalizeKR": "那就拜托您了，老师！"
    },
    {
        "TalkId": 101130101,
        "LocalizeKR": "为了老师日后要执行的任务，\n我为老师准备了特别训练。"
    },
    {
        "TalkId": 101130101,
        "LocalizeKR": "那么，这就开始吧！"
    },
    {
        "TalkId": 101130101,
        "LocalizeKR": "首先是与战斗场所的【地形】相关的训练。"
    },
    {
        "TalkId": 101130101,
        "LocalizeKR": "成员们在作战时各自对应的有利[c][007eff]地形[-][/c]是不同的。"
    },
    {
        "TalkId": 101130102,
        "LocalizeKR": "有些成员会在特定地形变得更强，\n而有些成员则相反。"
    },
    {
        "TalkId": 101130103,
        "LocalizeKR": "编制部队时留意这些信息，\n会对执行任务起到非常大的帮助！"
    },
    {
        "TalkId": 101130104,
        "LocalizeKR": "发现[c][007eff]掩体[-][/c]！\n[c][007eff]掩体[-][/c]可以保护成员免受敌人攻击。"
    },
    {
        "TalkId": 101130105,
        "LocalizeKR": "大部分成员发现掩体会[c][00f0ff]自动掩蔽[-][/c]保护自己。"
    },
    {
        "TalkId": 101130106,
        "LocalizeKR": "但要注意，也有个别成员不会自动掩蔽！"
    },
    {
        "TalkId": 101130201,
        "LocalizeKR": "成员们会根据各自的特性，\n在作战中担任不同的[c][007eff]战术角色[-][/c]。"
    },
    {
        "TalkId": 101130202,
        "LocalizeKR": "根据使用的技能分为[c][00f0ff]坦克，输出，辅助，治疗，战术辅助（T.S）[-][/c]，"
    },
    {
        "TalkId": 101130203,
        "LocalizeKR": "成员们会根据自己的[c][007eff]战术角色[-][/c]，自动移动到\n[c][007eff]利于执行作战的位置[-][/c]进行战斗。"
    },
    {
        "TalkId": 101130203,
        "LocalizeKR": "[c][007eff]辅助型[-][/c]角色可以使用不同的方式[c][007eff]协助[-][/c]其他成员战斗。"
    },
    {
        "TalkId": 101130203,
        "LocalizeKR": "[c][007eff]小玉[-][/c]小姐的技能可以[c][007eff]提升我方的攻击力[-][/c]。\n快使用技能来帮助其他成员吧！"
    },
    {
        "TalkId": 101130204,
        "LocalizeKR": "[c][007eff]输出型[-][/c]角色可以通过强大的攻击[c][007eff]给敌人造成巨大伤害！[-][/c]\n但由于体力较低，通常会站在后排战斗。"
    },
    {
        "TalkId": 101130204,
        "LocalizeKR": "现在[c][007eff]睦月[-][/c]小姐担任的是[c][007eff]输出型角色[-][/c]！\n请点击技能卡后选择敌人吧！"
    },
    {
        "TalkId": 101130205,
        "LocalizeKR": "担任[c][007eff]坦克型[-][/c]角色的成员可以在前排[c][007eff]阻挡敌人的攻击。[-][/c]"
    },
    {
        "TalkId": 101130205,
        "LocalizeKR": "现在[c][007eff]优香[-][/c]小姐担任的是[c][007eff]坦克型角色[-][/c]。请使用技能强化正在被攻击的优香小姐吧！"
    },
    {
        "TalkId": 101130206,
        "LocalizeKR": "敌人的猛击导致成员们的体力逐渐降低！"
    },
    {
        "TalkId": 101130206,
        "LocalizeKR": "轮到担任[c][007eff]治疗型角色[-][/c]的[c][007eff]花江[-][/c]小姐出场了！\n请赶快对成员们[c][007eff]进行治疗[-][/c]吧！"
    },
    {
        "TalkId": 102130301,
        "LocalizeKR": "我方成员和敌方都拥有不同的[c][007eff]攻击属性[-][/c]和[c][007eff]防御类型[-][/c]。"
    },
    {
        "TalkId": 102130302,
        "LocalizeKR": "使用攻击属性[c][00f0ff]克制[-][/c]敌人[c][00f0ff]防御类型[-][/c]的角色攻击敌人，\n可以造成[c][00f0ff]更大的伤害[-][/c]。"
    },
    {
        "TalkId": 102130303,
        "LocalizeKR": "敌人的[c][00f0ff]体力条颜色[-][/c]反映了敌人的[c][00f0ff]防御类型[-][/c]，"
    },
    {
        "TalkId": 102130304,
        "LocalizeKR": "[c][00f0ff]技能卡颜色[-][/c]则反映了成员的[c][00f0ff]攻击属性[-][/c]。"
    },
    {
        "TalkId": 102130305,
        "LocalizeKR": "[c][007eff]轻装甲型[-][/c]的敌人出现了！"
    },
    {
        "TalkId": 102130305,
        "LocalizeKR": "您可以使用[c][007eff]爆发型攻击[-][/c]对敌人造成[c][007eff]巨大伤害[-][/c]。"
    },
    {
        "TalkId": 102130305,
        "LocalizeKR": "[c][007eff]爱露[-][/c]小姐的技能就是[c][007eff]爆发属性[-][/c]。\n赶快试一试爱露小姐的技能吧！"
    },
    {
        "TalkId": 102130306,
        "LocalizeKR": "这次是[c][007eff]重装甲型[-][/c]的敌人。\n[c][007eff]贯穿型[-][/c]技能对重装甲非常有效！"
    },
    {
        "TalkId": 102130306,
        "LocalizeKR": "[c][007eff]纯子[-][/c]小姐的技能是[c][007eff]贯穿属性[-][/c]的。\n用纯子小姐的技能攻击敌人吧！"
    },
    {
        "TalkId": 102130307,
        "LocalizeKR": "发现[c][007eff]特殊装甲型[-][/c]的敌人！"
    },
    {
        "TalkId": 102130307,
        "LocalizeKR": "[c][007eff]神秘属性[-][/c]的攻击对[c][007eff]特殊装甲[-][/c]的敌人非常有效。"
    },
    {
        "TalkId": 102130307,
        "LocalizeKR": "[c][007eff]千世[-][/c]小姐的技能是[c][007eff]神秘属性[-][/c]的，\n试着点击技能卡并拖放到敌人身上吧！\n像这样点击或者拖动技能卡，\n都是可以发动技能的！"
    },
    {
        "TalkId": 102130401,
        "LocalizeKR": "有时老师可以使用成员的[c][007eff]技能[-][/c]\n[c][007eff]来亲自介入战场[-][/c]。"
    },
    {
        "TalkId": 102130401,
        "LocalizeKR": "使用这些技能时一定要注意[c][007eff]时机[-][/c]和[c][007eff]使用位置[-][/c]。"
    },
    {
        "TalkId": 102130401,
        "LocalizeKR": "在本次训练中尝试使用一下[c][007eff]能够引诱敌人的技能[-][/c]吧！"
    },
    {
        "TalkId": 102130402,
        "LocalizeKR": "[c][007eff]朱莉[-][/c]小姐的技能[c][007eff]可以引诱敌人[-][/c]，\n并对引诱来的敌人造成[c][007eff]伤害[-][/c]。"
    },
    {
        "TalkId": 102130402,
        "LocalizeKR": "把多个敌人引诱到一处的话，\n就能用范围攻击提高战斗效率啦！"
    },
    {
        "TalkId": 102130402,
        "LocalizeKR": "点击朱莉小姐的技能卡，\n拖到想要施放的位置后放开！"
    },
    {
        "TalkId": 102130402,
        "LocalizeKR": "不过请注意，如果敌人\n距离太远的话是无法引诱的！"
    },
    {
        "TalkId": 103130501,
        "LocalizeKR": "部分成员还可以自己[c][007eff]设置掩体[-][/c]。"
    },
    {
        "TalkId": 103130501,
        "LocalizeKR": "快使用[c][007eff]志美子[-][/c]小姐的技能\n帮助白子小姐和瞬小姐吧！"
    },
    {
        "TalkId": 103130501,
        "LocalizeKR": "在两个人面前设置掩体，\n阻挡敌人的攻击！"
    },
    {
        "TalkId": 103130601,
        "LocalizeKR": "有些成员拥有可以根据老师的指示[c][007eff]移动的技能[-][/c]。"
    },
    {
        "TalkId": 103130601,
        "LocalizeKR": "利用好这些成员的技能，\n就可以[c][007eff]躲避敌人的攻击啦！[-][/c]"
    },
    {
        "TalkId": 103130602,
        "LocalizeKR": "敌人瞄准了明日奈小姐。\n看样子马上就会展开强力的攻击！"
    },
    {
        "TalkId": 103130602,
        "LocalizeKR": "使用[c][007eff]明日奈[-][/c]小姐的技能躲避吧！\n快指示她跑出敌人的攻击范围！"
    },
    {
        "TalkId": 103130602,
        "LocalizeKR": "躲避攻击后，我们可以[c][007eff]用花凛小姐的技能反击[-][/c]！"
    },
    {
        "TalkId": 230001,
        "LocalizeKR": "有些成员现在可以装备自己的专属武器啦。"
    },
    {
        "TalkId": 230001,
        "LocalizeKR": "专属武器是一种特殊的武器，只有神秘解放达到5★的成员才能装备。"
    },
    {
        "TalkId": 230002,
        "LocalizeKR": "那么，我们先尝试给这位成员装备上专属武器吧。"
    },
    {
        "TalkId": 230002,
        "LocalizeKR": "请点击这里的专属武器栏位。"
    },
    {
        "TalkId": 230003,
        "LocalizeKR": "在这里，可以进行专属武器的装备和管理。"
    },
    {
        "TalkId": 230003,
        "LocalizeKR": "专属武器会提升成员的能力值，"
    },
    {
        "TalkId": 230004,
        "LocalizeKR": "有时，甚至可以强化技能和地形适应力。"
    },
    {
        "TalkId": 230005,
        "LocalizeKR": "点击这个按钮可以装备专属武器。"
    },
    {
        "TalkId": 230006,
        "LocalizeKR": "如果强化专属武器，能力值就会显著增加；"
    },
    {
        "TalkId": 230006,
        "LocalizeKR": "不仅如此，还有助于强化技能，所以强烈推荐！"
    },
    {
        "TalkId": 230006,
        "LocalizeKR": "好了，老师，我们继续努力吧！"
    },
    {
        "TalkId": 240001,
        "LocalizeKR": "老师，欢迎参加【基沃托斯综合战术测试】！"
    },
    {
        "TalkId": 240001,
        "LocalizeKR": "在这里可以评估学员们的战斗能力，根据成绩还能获得特别奖励。"
    },
    {
        "TalkId": 240001,
        "LocalizeKR": "每个考场都有各自的\n【特殊规则】，"
    },
    {
        "TalkId": 240001,
        "LocalizeKR": "按照规则越快完成测试，获得的分数也越高。"
    },
    {
        "TalkId": 240002,
        "LocalizeKR": "测试开启期间，点击【入场】即可正式开始测试。"
    },
    {
        "TalkId": 240002,
        "LocalizeKR": "另外，点击【信息】可以查看下一场测试的具体信息。"
    },
    {
        "TalkId": 240002,
        "LocalizeKR": "请记得仔细查看特殊规则，制定出恰当的战术计划。"
    },
    {
        "TalkId": 240002,
        "LocalizeKR": "那就请加油吧，老师！我会为您加油助威的！"
    },
    {
        "TalkId": 250001,
        "LocalizeKR": "老师！现在可以参加大决战了！"
    },
    {
        "TalkId": 250001,
        "LocalizeKR": "在这里，总力战中遇到的首领们将以不同的防御类型出现。"
    },
    {
        "TalkId": 250002,
        "LocalizeKR": "当然，所有首领的出现时间都是固定的！"
    },
    {
        "TalkId": 250003,
        "LocalizeKR": "根据首领们防御类型的不同，所需的入场券也是不同的。"
    },
    {
        "TalkId": 250003,
        "LocalizeKR": "每天登录时，全部防御类型的入场券都可以各获得一张。"
    },
    {
        "TalkId": 250003,
        "LocalizeKR": "只要击败首领一次，就可以在对应的防御类型和难度下快速战斗了……"
    },
    {
        "TalkId": 250003,
        "LocalizeKR": "但是请注意，每个赛季都需要再次击败首领，才能快速战斗！"
    },
    {
        "TalkId": 250003,
        "LocalizeKR": "每个首领都会按防御类型分别计算最高分数并记录排名。"
    },
    {
        "TalkId": 250004,
        "LocalizeKR": "这个任务也许不是很容易完成，但阿洛娜会尽全力支持老师的！"
    },
    {
        "TalkId": 260001,
        "LocalizeKR": "现在可以参与无限制决战了。"
    },
    {
        "TalkId": 260001,
        "LocalizeKR": "无限制决战是与随阶段变强的首领战斗的任务。"
    },
    {
        "TalkId": 260001,
        "LocalizeKR": "击败首领可以获得阶段奖励。"
    },
    {
        "TalkId": 260002,
        "LocalizeKR": "那么，正式开始说明战斗相关内容。"
    },
    {
        "TalkId": 260002,
        "LocalizeKR": "首先请点击入场按钮。"
    },
    {
        "TalkId": 260003,
        "LocalizeKR": "在这里可以查看并选择要挑战的首领阶段。"
    },
    {
        "TalkId": 260004,
        "LocalizeKR": "正如之前说明的，阶段越高，首领也越强。"
    },
    {
        "TalkId": 260004,
        "LocalizeKR": "建议在这里预先查看首领信息并做好准备。"
    },
    {
        "TalkId": 260005,
        "LocalizeKR": "另外请注意，仅在赛季举办期间可以入场战斗。"
    },
    {
        "TalkId": 260006,
        "LocalizeKR": "在限定时间内挑战到最高阶段并非易事……"
    },
    {
        "TalkId": 260006,
        "LocalizeKR": "但我会和阿洛娜前辈一起支援老师的。"
    },
    {
        "TalkId": 270001,
        "LocalizeKR": "老师！从现在起可以更轻松地指挥任务战斗了！"
    },
    {
        "TalkId": 270001,
        "LocalizeKR": "我来简单说明一下具体内容吧。"
    },
    {
        "TalkId": 270002,
        "LocalizeKR": "简易作战是能通过一次战斗完成任务的功能。"
    },
    {
        "TalkId": 270003,
        "LocalizeKR": "但需要对抗集中指挥中出现的最强敌人。"
    },
    {
        "TalkId": 270003,
        "LocalizeKR": "另外请注意，无论选择哪种战术指挥，任务目标都是共享的！"
    },
    {
        "TalkId": 270004,
        "LocalizeKR": "那，阿洛娜的说明就到这里啦。"
    },
    {
        "TalkId": 270004,
        "LocalizeKR": "现在请选择想要的指挥风格，循序渐进地解决剩余任务吧！"
    }
]