[
    {
        "CostumeUniqueId": 900900601,
        "DisplayOrder": 10,
        "LocalizeJP": "テレビ限定の\n特別キャンペーン\n開催中ですよ～！"
    },
    {
        "CostumeUniqueId": 900900601,
        "DisplayOrder": 20,
        "LocalizeJP": "赤字覚悟の\n大セールですよ～！\n見ていってください！"
    },
    {
        "CostumeUniqueId": 900900601,
        "DisplayOrder": 30,
        "LocalizeJP": "完売間近！\n現品限りの\nこれっきりですよ～！"
    },
    {
        "CostumeUniqueId": 900900601,
        "DisplayOrder": 40,
        "LocalizeJP": "完売御礼です！\n再入荷を\nお待ちください！"
    },
    {
        "CostumeUniqueId": 900900601,
        "DisplayOrder": 50,
        "LocalizeJP": "開店セールですよー！\nお買い得です！"
    },
    {
        "CostumeUniqueId": 900900601,
        "DisplayOrder": 60,
        "LocalizeJP": "毎度ご愛顧\nありがとう\nございます！"
    },
    {
        "CostumeUniqueId": 900900601,
        "DisplayOrder": 70,
        "LocalizeJP": "おかげさまで\n大盛況です！"
    },
    {
        "CostumeUniqueId": 900900601,
        "DisplayOrder": 80,
        "LocalizeJP": "完売しても番組は\n続くんですよね！"
    },
    {
        "CostumeUniqueId": 900900601,
        "DisplayOrder": 90,
        "LocalizeJP": "契約上、そういう\n決まりでして！"
    },
    {
        "CostumeUniqueId": 900900601,
        "DisplayOrder": 100,
        "LocalizeJP": "ついにエンディングの\nお時間となって\nまいりました！"
    },
    {
        "CostumeUniqueId": 900900601,
        "DisplayOrder": 110,
        "LocalizeJP": "お買い逃がしは\nございませんか？"
    },
    {
        "CostumeUniqueId": 900900601,
        "DisplayOrder": 120,
        "LocalizeJP": "スペシャル生放送へ\nようこそ！"
    },
    {
        "CostumeUniqueId": 900900601,
        "DisplayOrder": 130,
        "LocalizeJP": "本番組は報道部の\nアイドルこと\n川流シノンが\nお送りしております！"
    },
    {
        "CostumeUniqueId": 900900601,
        "DisplayOrder": 140,
        "LocalizeJP": "見逃さないよう、\nご注意ください！"
    },
    {
        "CostumeUniqueId": 900900601,
        "DisplayOrder": 150,
        "LocalizeJP": "それ、\nおいしいですよね！"
    },
    {
        "CostumeUniqueId": 900900601,
        "DisplayOrder": 160,
        "LocalizeJP": "……あれっ？\n台本、なんか\n変じゃないですか！？"
    },
    {
        "CostumeUniqueId": 900900601,
        "DisplayOrder": 170,
        "LocalizeJP": "これが大人の\n貫禄ってやつですね！"
    },
    {
        "CostumeUniqueId": 900900601,
        "DisplayOrder": 180,
        "LocalizeJP": "お買い上げ\nありがとう\nございます！"
    },
    {
        "CostumeUniqueId": 900900601,
        "DisplayOrder": 190,
        "LocalizeJP": "このスピード、\nカメラが\n追いつきません！！"
    },
    {
        "CostumeUniqueId": 900900601,
        "DisplayOrder": 200,
        "LocalizeJP": "この試練、\n果たして先生は\n乗り越えられるのか！？"
    },
    {
        "CostumeUniqueId": 900900601,
        "DisplayOrder": 210,
        "LocalizeJP": "チャンネルは\nそのままで\nお願いしますよ！"
    },
    {
        "CostumeUniqueId": 900900601,
        "DisplayOrder": 220,
        "LocalizeJP": "あれ、どうしてこちらに？"
    },
    {
        "CostumeUniqueId": 900900601,
        "DisplayOrder": 230,
        "LocalizeJP": "えっ……もう放送は\n終わりましたよ……？"
    },
    {
        "CostumeUniqueId": 900900601,
        "DisplayOrder": 240,
        "LocalizeJP": "誠に残念ながら、\nお手伝いは\nできないんです！\n報道は中立ですので！"
    },
    {
        "CostumeUniqueId": 900900601,
        "DisplayOrder": 250,
        "LocalizeJP": "あーっ！\n「やったことにする」は\nズルですよ！"
    },
    {
        "CostumeUniqueId": 900900601,
        "DisplayOrder": 260,
        "LocalizeJP": "大活躍でしたね！\n視聴率更新\n間違いなしです！！"
    },
    {
        "CostumeUniqueId": 900900601,
        "DisplayOrder": 270,
        "LocalizeJP": "おめでとうございます！\n何か一言、お願いします！"
    },
    {
        "CostumeUniqueId": 900900601,
        "DisplayOrder": 280,
        "LocalizeJP": "テレビ限定の\n特別キャンペーン\n開催中ですよ～！"
    },
    {
        "CostumeUniqueId": 900900601,
        "DisplayOrder": 290,
        "LocalizeJP": "赤字覚悟の\n大セールですよ～！\n見ていってください！"
    },
    {
        "CostumeUniqueId": 900900601,
        "DisplayOrder": 300,
        "LocalizeJP": "完売間近！\n現品限りの\nこれっきりですよ～！"
    },
    {
        "CostumeUniqueId": 900900601,
        "DisplayOrder": 310,
        "LocalizeJP": "完売御礼です！\n再入荷を\nお待ちください！"
    },
    {
        "CostumeUniqueId": 900900601,
        "DisplayOrder": 320,
        "LocalizeJP": "開店セールですよー！\nお買い得です！"
    },
    {
        "CostumeUniqueId": 900900601,
        "DisplayOrder": 330,
        "LocalizeJP": "毎度ご愛顧\nありがとう\nございます！"
    },
    {
        "CostumeUniqueId": 900900601,
        "DisplayOrder": 340,
        "LocalizeJP": "おかげさまで\n大盛況です！"
    },
    {
        "CostumeUniqueId": 900900601,
        "DisplayOrder": 350,
        "LocalizeJP": "完売しても番組は\n続くんですよね！"
    },
    {
        "CostumeUniqueId": 900900601,
        "DisplayOrder": 360,
        "LocalizeJP": "契約上、そういう\n決まりでして！"
    },
    {
        "CostumeUniqueId": 900900601,
        "DisplayOrder": 370,
        "LocalizeJP": "ついにエンディングの\nお時間となって\nまいりました！"
    },
    {
        "CostumeUniqueId": 900900601,
        "DisplayOrder": 380,
        "LocalizeJP": "お買い逃がしは\nございませんか？"
    },
    {
        "CostumeUniqueId": 900900601,
        "DisplayOrder": 390,
        "LocalizeJP": "スペシャル生放送へ\nようこそ！"
    },
    {
        "CostumeUniqueId": 900900601,
        "DisplayOrder": 400,
        "LocalizeJP": "本番組は報道部の\nアイドルこと\n川流シノンが\nお送りしております！"
    },
    {
        "CostumeUniqueId": 900900601,
        "DisplayOrder": 410,
        "LocalizeJP": "見逃さないよう、\nご注意ください！"
    },
    {
        "CostumeUniqueId": 900900601,
        "DisplayOrder": 420,
        "LocalizeJP": "それ、\nおいしいですよね！"
    },
    {
        "CostumeUniqueId": 900900601,
        "DisplayOrder": 430,
        "LocalizeJP": "……あれっ？\n台本、なんか\n変じゃないですか！？"
    },
    {
        "CostumeUniqueId": 900900601,
        "DisplayOrder": 440,
        "LocalizeJP": "これが大人の\n貫禄ってやつですね！"
    },
    {
        "CostumeUniqueId": 900900601,
        "DisplayOrder": 450,
        "LocalizeJP": "お買い上げ\nありがとう\nございます！"
    },
    {
        "CostumeUniqueId": 900900601,
        "DisplayOrder": 460,
        "LocalizeJP": "このスピード、\nカメラが\n追いつきません！！"
    },
    {
        "CostumeUniqueId": 900900601,
        "DisplayOrder": 470,
        "LocalizeJP": "この試練、\n果たして先生は\n乗り越えられるのか！？"
    },
    {
        "CostumeUniqueId": 900900601,
        "DisplayOrder": 480,
        "LocalizeJP": "チャンネルは\nそのままで\nお願いしますよ！"
    },
    {
        "CostumeUniqueId": 900900601,
        "DisplayOrder": 490,
        "LocalizeJP": "あれ、どうしてこちらに？"
    },
    {
        "CostumeUniqueId": 900900601,
        "DisplayOrder": 500,
        "LocalizeJP": "えっ……もう放送は\n終わりましたよ……？"
    },
    {
        "CostumeUniqueId": 900900601,
        "DisplayOrder": 510,
        "LocalizeJP": "誠に残念ながら、\nお手伝いは\nできないんです！\n報道は中立ですので！"
    },
    {
        "CostumeUniqueId": 900900601,
        "DisplayOrder": 520,
        "LocalizeJP": "あーっ！\n「やったことにする」は\nズルですよ！"
    },
    {
        "CostumeUniqueId": 900900601,
        "DisplayOrder": 530,
        "LocalizeJP": "大活躍でしたね！\n視聴率更新\n間違いなしです！！"
    },
    {
        "CostumeUniqueId": 900900601,
        "DisplayOrder": 540,
        "LocalizeJP": "おめでとうございます！\n何か一言、お願いします！"
    }
]