[
    {
        "TalkId": 1,
        "LocalizeJP": "まず、[c][007eff]スキルカードシステム[-][/c]についてご説明いたします。"
    },
    {
        "TalkId": 1,
        "LocalizeJP": "戦闘に参加する生徒たちは、[c][007eff]EXスキルカード[-][/c]を1枚ずつ持っています。"
    },
    {
        "TalkId": 1,
        "LocalizeJP": "そのうち3枚のスキルカードが、ランダムにドローされます。"
    },
    {
        "TalkId": 1,
        "LocalizeJP": "そして好きなカードをタッチするとスキルが使えます。"
    },
    {
        "TalkId": 2,
        "LocalizeJP": "スキルを使うためには、その分の[c][007eff]コスト[-][/c]が必要ですが、"
    },
    {
        "TalkId": 2,
        "LocalizeJP": "コストは[c][007eff]自動的にチャージ[-][/c]されていき、ゲージに表示されます。"
    },
    {
        "TalkId": 3,
        "LocalizeJP": "生徒たちは[c][007eff]遮蔽物[-][/c]を発見すると、[c][007eff]自動的に隠れ[-][/c]ます。"
    },
    {
        "TalkId": 3,
        "LocalizeJP": "隠れている間は、敵の攻撃を大幅に防ぐことができるため、"
    },
    {
        "TalkId": 3,
        "LocalizeJP": "この遮蔽を効果的に活用することが戦闘のポイントです。"
    },
    {
        "TalkId": 3,
        "LocalizeJP": "しかし、隠れることができない生徒もいますし、遮蔽物が敵の攻撃で壊れる恐れもあるという点を、覚えておいてください。"
    },
    {
        "TalkId": 4,
        "LocalizeJP": "前方に敵が集まっているのが見えますね。"
    },
    {
        "TalkId": 4,
        "LocalizeJP": "[c][007eff]スズミ[-][/c]さんのスキルは、[c][007eff]集まっている敵[-][/c]に使うと効果的ですので、使ってみましょう。"
    },
    {
        "TalkId": 4,
        "LocalizeJP": "スキルカードをタッチした後に、集まっている敵を選択してください。"
    },
    {
        "TalkId": 5,
        "LocalizeJP": "では、ユウカさんのスキルを使ってみましょうか。"
    },
    {
        "TalkId": 5,
        "LocalizeJP": "[c][007eff]ユウカ[-][/c]さんのスキルは[c][007eff]自分自身を強化[-][/c]するタイプですので、スキルカードをタッチした後に、ユウカさんをタッチしてください。"
    },
    {
        "TalkId": 6,
        "LocalizeJP": "クルセイダー戦車の相手をしなければなりません！"
    },
    {
        "TalkId": 6,
        "LocalizeJP": "クルセイダー戦車は防御タイプが[c][007eff]「重装甲」[-][/c]の敵なので、[c][007eff]貫通型スキル[-][/c]で追加ダメージを与えられます。"
    },
    {
        "TalkId": 6,
        "LocalizeJP": "[c][007eff]ハスミ[-][/c]さんのスキルが[c][007eff]貫通型[-][/c]ですので、ご参考までに。"
    },
    {
        "TalkId": 7,
        "LocalizeJP": "今からあらためて、先生のお仕事が始まります！"
    },
    {
        "TalkId": 7,
        "LocalizeJP": "ただ……まだ始まったばかりの部活なので、生徒さんの数が少ないですね……。"
    },
    {
        "TalkId": 7,
        "LocalizeJP": "お仕事を円滑に行うためにも、シャーレに入部してくれる生徒さんたちを募集したほうが良さそうです！"
    },
    {
        "TalkId": 30001,
        "LocalizeJP": "募集結果を確定する前に、チュートリアル募集についてお伝えします！"
    },
    {
        "TalkId": 30001,
        "LocalizeJP": "画面に表示されている残り回数分、追加でチュートリアル募集ができます。"
    },
    {
        "TalkId": 30002,
        "LocalizeJP": "現在の募集結果を保存したい場合は、結果保存ボタンを押してください！"
    },
    {
        "TalkId": 30003,
        "LocalizeJP": "保存した募集結果はこちらで確認できます。"
    },
    {
        "TalkId": 30004,
        "LocalizeJP": "保存できる結果は１つまでなので、ご注意ください！その後保存した場合は上書きされます。"
    },
    {
        "TalkId": 30004,
        "LocalizeJP": "リトライボタンでチュートリアル募集を再度進行することができます。 "
    },
    {
        "TalkId": 30005,
        "LocalizeJP": "最終的に結果選択ボタンを押して、募集結果を確定することができます！"
    },
    {
        "TalkId": 30006,
        "LocalizeJP": "説明はここまで！新しい生徒さんに会いに行きましょう。"
    },
    {
        "TalkId": 8,
        "LocalizeJP": "新しい生徒さんが来てくれましたね！"
    },
    {
        "TalkId": 8,
        "LocalizeJP": "それでは、連邦生徒会からのお仕事をしに行ってみましょう。"
    },
    {
        "TalkId": 9,
        "LocalizeJP": "これから、キヴォトスの平和を乱す悪党たちを相手しなければなりません！"
    },
    {
        "TalkId": 10,
        "LocalizeJP": "ここは戦略マップです。生徒さんたちを部隊単位で配置、命令して、大きな視点で作戦を遂行する場所です。"
    },
    {
        "TalkId": 10,
        "LocalizeJP": "「Start」のタイルを押して、味方部隊を投入してみてください！"
    },
    {
        "TalkId": 11,
        "LocalizeJP": "先ほど来てくれた生徒さんを編成してみましょう。"
    },
    {
        "TalkId": 12,
        "LocalizeJP": "部隊は、実際に戦場で戦う\nストライカー部隊と、"
    },
    {
        "TalkId": 13,
        "LocalizeJP": "後方から支援する、スペシャル部隊とで構成されています。"
    },
    {
        "TalkId": 14,
        "LocalizeJP": "編成が終わったので、出撃してみましょうか。"
    },
    {
        "TalkId": 15,
        "LocalizeJP": "それでは任務開始ボタンを押して、任務を始めてください！"
    },
    {
        "TalkId": 16,
        "LocalizeJP": "移動したい隣接タイルをタッチすると、そこへ部隊が移動します。"
    },
    {
        "TalkId": 16,
        "LocalizeJP": "それでは敵がいるタイルに移動して、戦闘を開始しましょう！"
    },
    {
        "TalkId": 17,
        "LocalizeJP": "一度移動した味方部隊は、\nこのターンこれ以上動けません。"
    },
    {
        "TalkId": 17,
        "LocalizeJP": "「フェーズ終了」ボタンを押して、私たちの番を終了します。"
    },
    {
        "TalkId": 18,
        "LocalizeJP": "また私たちのターンです！"
    },
    {
        "TalkId": 18,
        "LocalizeJP": "残す敵は、もうここのボスだけです！"
    },
    {
        "TalkId": 19,
        "LocalizeJP": "任務を遂行する時、どのような種類の地形で戦うのかが重要です。"
    },
    {
        "TalkId": 20,
        "LocalizeJP": "ここで、現在の戦場の地形タイプを確認できます。"
    },
    {
        "TalkId": 20,
        "LocalizeJP": "生徒さんの中には、特定の地形でさらに強い力を発揮するタイプの人がいますので、参考にしてください！"
    },
    {
        "TalkId": 21,
        "LocalizeJP": "さて、これで基本的な戦闘方法は、すべて説明できたかと思います。"
    },
    {
        "TalkId": 21,
        "LocalizeJP": "これからは、あらためて先生に、キヴォトスの様々な事件を解決していただくことになります！"
    },
    {
        "TalkId": 21,
        "LocalizeJP": "それでは、ロビーに戻りましょうか。"
    },
    {
        "TalkId": 22,
        "LocalizeJP": "生徒さんを多く編成すればするほど、スキルを使用するためのコストが速く回復します。"
    },
    {
        "TalkId": 22,
        "LocalizeJP": "ストライカー部隊とスペシャル部隊の両方にそれぞれ人員を配置していくごとに、"
    },
    {
        "TalkId": 22,
        "LocalizeJP": "コスト回復速度が速くなりますので、生徒さんをいっぱい配置しましょう！"
    },
    {
        "TalkId": 23,
        "LocalizeJP": "お疲れ様でした、先生。 あらためまして、こちらがシャーレのロビーです。"
    },
    {
        "TalkId": 23,
        "LocalizeJP": "これから先生が、色々なお仕事をしていく拠点ですね。"
    },
    {
        "TalkId": 23,
        "LocalizeJP": "……あれ、誰かから連絡が来てますね？"
    },
    {
        "TalkId": 24,
        "LocalizeJP": "「モモトーク」はキヴォトスで広く普及しているトークアプリです。"
    },
    {
        "TalkId": 24,
        "LocalizeJP": "これから先生は、このモモトークで生徒さんたちとおしゃべりしたり、"
    },
    {
        "TalkId": 24,
        "LocalizeJP": "生徒さんとの絆に関する情報を確認することもできます。"
    },
    {
        "TalkId": 25,
        "LocalizeJP": "新しく届いたメッセージは、左側に表示されています。"
    },
    {
        "TalkId": 26,
        "LocalizeJP": "アイコンをタップして、メッセージを確認してみましょう！"
    },
    {
        "TalkId": 27,
        "LocalizeJP": "あ、ユウカさんからですね！"
    },
    {
        "TalkId": 27,
        "LocalizeJP": "内容についてはもちろん、先生ご自身に確認していただければと……！"
    },
    {
        "TalkId": 28,
        "LocalizeJP": "ひょっとしたら、思いがけないものが手に入ったりすることも……！？"
    },
    {
        "TalkId": 9999,
        "LocalizeJP": "ここではストーリーが見られます。"
    },
    {
        "TalkId": 9999,
        "LocalizeJP": "キヴォトスで繰り広げられる、様々な事件を解決していくメインストーリーと、"
    },
    {
        "TalkId": 9999,
        "LocalizeJP": "生徒さんたちの日常が垣間見られるグループストーリーが存在します。"
    },
    {
        "TalkId": 9999,
        "LocalizeJP": "その他にも、様々なエピソードがここで見ることができますので、チェックしてみてください！"
    },
    {
        "TalkId": 9999,
        "LocalizeJP": "ここは、先生のスケジュールを決められるところです！"
    },
    {
        "TalkId": 9999,
        "LocalizeJP": "生徒の皆さんと一緒に、様々なスケジュールを選択して遂行できます。"
    },
    {
        "TalkId": 9999,
        "LocalizeJP": "さて、まずはシャーレのオフィスに移動してみましょう。"
    },
    {
        "TalkId": 9999,
        "LocalizeJP": "準備されている授業を選択すると、このスケジュールに参加した生徒さんたちとの絆ポイントが増加します！"
    },
    {
        "TalkId": 9999,
        "LocalizeJP": "スケジュールの遂行回数には制限がありますので、よく考えて決めてくださいね！"
    },
    {
        "TalkId": 35,
        "LocalizeJP": "Hard任務が解放されました！"
    },
    {
        "TalkId": 35,
        "LocalizeJP": "重要な任務なので、一緒に確認しにいきましょう。"
    },
    {
        "TalkId": 36,
        "LocalizeJP": "Hard任務は難しい分、より良い報酬を獲得できます。"
    },
    {
        "TalkId": 36,
        "LocalizeJP": "ですが、1日の挑戦回数が限られていることを覚えておいてくださいね。"
    },
    {
        "TalkId": 37,
        "LocalizeJP": "それでは任務に行ってみましょう。"
    },
    {
        "TalkId": 38,
        "LocalizeJP": "ハード任務は基本的に、視野の確保が難しい戦闘になります。"
    },
    {
        "TalkId": 39,
        "LocalizeJP": "見えない場所には敵が隠れているかもしれませんし、重要なアイテムが置いてあるかもしれませんが、それは確認してみるまでわかりません。"
    },
    {
        "TalkId": 39,
        "LocalizeJP": "ですので、普段以上に戦略的判断が重要になります！"
    },
    {
        "TalkId": 39,
        "LocalizeJP": "それでは始めてみましょう！"
    },
    {
        "TalkId": 40,
        "LocalizeJP": "特別依頼は、先生の希望する任務を選択して遂行できます。"
    },
    {
        "TalkId": 40,
        "LocalizeJP": "任務によって異なる戦略の組み合わせが必要ですので、各任務に合った攻略法を見つけることがポイントです！"
    },
    {
        "TalkId": 41,
        "LocalizeJP": "今回は、「拠点防衛」任務を選択してみましょう。"
    },
    {
        "TalkId": 42,
        "LocalizeJP": "任務の情報は、ここで確認できます。"
    },
    {
        "TalkId": 43,
        "LocalizeJP": "戦場の地形タイプをチェックすることが重要です。"
    },
    {
        "TalkId": 43,
        "LocalizeJP": "生徒さんの中には、特定の地形でさらに強い力を発揮するタイプの人がいますので、それに合わせて部隊を編成した方が有利になります。"
    },
    {
        "TalkId": 44,
        "LocalizeJP": "それでは特別依頼に入ります。"
    },
    {
        "TalkId": 45,
        "LocalizeJP": "「拠点防衛」では多数の敵が押し寄せてくるため、広域を攻撃できるスキルが有効です。"
    },
    {
        "TalkId": 45,
        "LocalizeJP": "戦闘のコンセプトや地形などを考慮して、生徒さんたちを編成してください！"
    },
    {
        "TalkId": 49,
        "LocalizeJP": "総力戦では、とっても強力なボスと戦うことになります。"
    },
    {
        "TalkId": 49,
        "LocalizeJP": "また、1日に戦闘できる回数が限られているので、慎重に臨まなければなりません！"
    },
    {
        "TalkId": 50,
        "LocalizeJP": "総力戦は様々な難易度に分かれていて、高い難易度であればあるほど、より良い報酬を獲得できます。"
    },
    {
        "TalkId": 51,
        "LocalizeJP": "では私は一旦ここまでです！　先生のご活躍を期待していますね！"
    },
    {
        "TalkId": 52,
        "LocalizeJP": "戦術対抗戦は、他の生徒さんたちとの戦闘を通じて、順位を競う大会です。"
    },
    {
        "TalkId": 52,
        "LocalizeJP": "ここでは大会に参加しているチームのリストを確認することができます。"
    },
    {
        "TalkId": 53,
        "LocalizeJP": "まずは防御編成をするために、このボタンをタッチしてください。"
    },
    {
        "TalkId": 54,
        "LocalizeJP": "防御チームを編成する時のポイントは、「地形」について考慮することです！"
    },
    {
        "TalkId": 54,
        "LocalizeJP": "生徒さんたちにとって有利な地形と、それぞれのスキルとを考慮して、防御チームを編成しましょう！"
    },
    {
        "TalkId": 55,
        "LocalizeJP": "戦術対抗戦での、先生の素晴らしいご活躍を期待します！"
    },
    {
        "TalkId": 56,
        "LocalizeJP": "今回は、生徒の皆さんを成長させる方法について説明します。"
    },
    {
        "TalkId": 56,
        "LocalizeJP": "まずは、成長させる生徒さんを選択してみましょうか？"
    },
    {
        "TalkId": 57,
        "LocalizeJP": "ここでは、生徒さんたちの基本的な能力値の情報を確認できます。"
    },
    {
        "TalkId": 57,
        "LocalizeJP": "まずここには、生徒の皆さんの装備を確認できるスロットや、"
    },
    {
        "TalkId": 58,
        "LocalizeJP": "「レベルアップ」「神秘解放」「スキル成長」など、生徒の皆さんを成長させることができる、"
    },
    {
        "TalkId": 58,
        "LocalizeJP": "様々な方法が用意されています。"
    },
    {
        "TalkId": 59,
        "LocalizeJP": "まず、最も基本的な「レベルアップ」をしてみましょう！"
    },
    {
        "TalkId": 60,
        "LocalizeJP": "ここでは、生徒さんたちがレベルアップする際に上昇する、能力値の情報が確認できます。"
    },
    {
        "TalkId": 61,
        "LocalizeJP": "レベルアップには「レポート」が必要ですが、"
    },
    {
        "TalkId": 62,
        "LocalizeJP": "この「レポート」は、様々なお仕事をこなすことで獲得できます。"
    },
    {
        "TalkId": 62,
        "LocalizeJP": "先生のレベルに応じて、生徒の皆さんのレベルを上げることができます。なので、先生のレベルが上がったら忘れずに、生徒さんたちを成長させてあげてください！"
    },
    {
        "TalkId": 63,
        "LocalizeJP": "次は生徒さんたちの装備について見てみましょう。"
    },
    {
        "TalkId": 63,
        "LocalizeJP": "まずは生徒さんを選択してみましょう。"
    },
    {
        "TalkId": 64,
        "LocalizeJP": "生徒さんの装備は、下の装備スロットで確認ができます。"
    },
    {
        "TalkId": 65,
        "LocalizeJP": "開いているスロットの分だけ装備を身に付けることができ、"
    },
    {
        "TalkId": 65,
        "LocalizeJP": "まだロックされているスロットも、生徒さんのレベルが上がることで順次解放されていきます。"
    },
    {
        "TalkId": 65,
        "LocalizeJP": "装備は、このボタンで強化することができます。"
    },
    {
        "TalkId": 66,
        "LocalizeJP": "素敵な装備を身に付ければ、生徒さんたちの能力はもちろん、やる気もアップするはずです！"
    },
    {
        "TalkId": 66,
        "LocalizeJP": "より良い装備で、生徒さんたちを成長させてあげてください！"
    },
    {
        "TalkId": 67,
        "LocalizeJP": "いらっしゃいませ、先生。こちらはシャーレに併設されたカフェです。"
    },
    {
        "TalkId": 67,
        "LocalizeJP": "ここでは訪れた生徒さんたちと挨拶を交わしたり、カフェの収益を得ることができます。"
    },
    {
        "TalkId": 67,
        "LocalizeJP": "カフェを訪問した生徒さんとは、タッチで交流することができます。"
    },
    {
        "TalkId": 68,
        "LocalizeJP": "それではこれから、カフェでできることをお伝えしますね。"
    },
    {
        "TalkId": 69,
        "LocalizeJP": "まずはおしゃれな家具でカフェを飾ったり、その他にも、訪れた生徒さんに贈り物をすることができます。"
    },
    {
        "TalkId": 69,
        "LocalizeJP": "そしてこの部分で、カフェの現在の状況を見ることができます。"
    },
    {
        "TalkId": 70,
        "LocalizeJP": "カフェに配置された家具によって、カフェの快適度は変わってきます。"
    },
    {
        "TalkId": 70,
        "LocalizeJP": "そしてその快適度によって、カフェの収入が左右されます！"
    },
    {
        "TalkId": 71,
        "LocalizeJP": "ここで、カフェの収入を確認することができます。"
    },
    {
        "TalkId": 72,
        "LocalizeJP": "収入は保有限度があり、いっぱいになると超過した分の収入は消えてしまうので、ご注意ください！"
    },
    {
        "TalkId": 73,
        "LocalizeJP": "次に、生徒さんたちのスキルを確認して、それを成長させる方法も見てみましょう。"
    },
    {
        "TalkId": 73,
        "LocalizeJP": "まず、生徒さんを選択してください。"
    },
    {
        "TalkId": 74,
        "LocalizeJP": "生徒さんが持っているスキルは、ここで確認できます。"
    },
    {
        "TalkId": 75,
        "LocalizeJP": "もう少し詳しく見てみましょう。"
    },
    {
        "TalkId": 76,
        "LocalizeJP": "それぞれのスキルをタップすると、そのスキルの詳細説明が確認できます。"
    },
    {
        "TalkId": 76,
        "LocalizeJP": "それでは次に、スキルをどのように成長させるかといいますと……"
    },
    {
        "TalkId": 77,
        "LocalizeJP": "ここで、好きなスキルを成長させることができます。"
    },
    {
        "TalkId": 78,
        "LocalizeJP": "次のレベルのスキル情報について、事前に確認することもできます。"
    },
    {
        "TalkId": 79,
        "LocalizeJP": "成長に必要な材料は、こちらで確認できます。"
    },
    {
        "TalkId": 80,
        "LocalizeJP": "材料を集めて、生徒さんのスキルを成長させてあげてください！"
    },
    {
        "TalkId": 140001,
        "LocalizeJP": "「メモリアルロビー」を手に入れましたね！"
    },
    {
        "TalkId": 140001,
        "LocalizeJP": "そこには、生徒さんたちとの特別な記憶が保存されています。"
    },
    {
        "TalkId": 140001,
        "LocalizeJP": "せっかくですし、もう一度見てみましょうか？"
    },
    {
        "TalkId": 140002,
        "LocalizeJP": "まずここでは、先生の仕事をサポートしてくれる当番の生徒さんたちを決められます。"
    },
    {
        "TalkId": 140002,
        "LocalizeJP": "当番になった生徒さんたちは、シャーレのロビーで待機していてくれます。"
    },
    {
        "TalkId": 140002,
        "LocalizeJP": "そして、本題のメモリアルロビーについては、こちらで確認ができます。"
    },
    {
        "TalkId": 140003,
        "LocalizeJP": "こうして先生とのメモリアルロビーがすでにある生徒さんを、当番にすると……"
    },
    {
        "TalkId": 140004,
        "LocalizeJP": "ここに、こんな形の「メモリアルロビー切り替えボタン」が登場します。"
    },
    {
        "TalkId": 140005,
        "LocalizeJP": "システム設定から、メモリアルロビーに関する様々なオプションも調整できますので、後ほどご確認ください！"
    },
    {
        "TalkId": 150001,
        "LocalizeJP": "倍速ボタンで、戦闘の速度を調節することができます。"
    },
    {
        "TalkId": 150001,
        "LocalizeJP": "お好きな速度で、戦闘を指揮してください！"
    },
    {
        "TalkId": 160001,
        "LocalizeJP": "こちらはクラフトチェンバーです。"
    },
    {
        "TalkId": 160001,
        "LocalizeJP": "ここでは各種素材を投入することで、様々なアイテムを手に入れることができます。"
    },
    {
        "TalkId": 160001,
        "LocalizeJP": "製造開始ボタンを押すと、クラフトチェンバーが起動します。"
    },
    {
        "TalkId": 160001,
        "LocalizeJP": "さっそく押してみましょうか。"
    },
    {
        "TalkId": 160002,
        "LocalizeJP": "クラフトチェンバーで製造を開始するには、キーストーンが必要です。"
    },
    {
        "TalkId": 160003,
        "LocalizeJP": "キーストーンを投入し、解放ボタンを押すことで製造ができます。"
    },
    {
        "TalkId": 160004,
        "LocalizeJP": "製造の際は、ノードの選択によって最終的な出力を調整できます。"
    },
    {
        "TalkId": 160004,
        "LocalizeJP": "ノードを選択して、一定時間待つと製造が完了します。"
    },
    {
        "TalkId": 160005,
        "LocalizeJP": "クラフトチェンバーで、色々なアイテムを製造してみてください！"
    },
    {
        "TalkId": 170001,
        "LocalizeJP": "ここでは、先生がスケジュールを決められます。"
    },
    {
        "TalkId": 170001,
        "LocalizeJP": "様々なスケジュールを選択して、生徒さんたちと一緒に時間を過ごすことができるんですよ。"
    },
    {
        "TalkId": 170001,
        "LocalizeJP": "まずシャーレのオフィスに移動してみましょうか？"
    },
    {
        "TalkId": 170002,
        "LocalizeJP": "スケジュールを実行すると、そのスケジュールに参加した生徒さんたちとの絆ポイントが増加します！"
    },
    {
        "TalkId": 170002,
        "LocalizeJP": "スケジュールの実行回数には制限がありますので、その点に注意しながら決めましょう！"
    },
    {
        "TalkId": 170003,
        "LocalizeJP": "最初はスケジュールを実行できる回数がかなり限られていますが、"
    },
    {
        "TalkId": 170003,
        "LocalizeJP": "ロケーションランクが上がるにつれて、よりたくさんの、そして様々なスケジュールを進めることができます！"
    },
    {
        "TalkId": 170003,
        "LocalizeJP": "それでは、今実行できそうなスケジュールを確認してみましょうか？"
    },
    {
        "TalkId": 170004,
        "LocalizeJP": "ここですべてのスケジュールを確認できます！"
    },
    {
        "TalkId": 170004,
        "LocalizeJP": "上手くスケジュールを行って、様々な報酬や絆ポイントを獲得しましょう！"
    },
    {
        "TalkId": 180001,
        "LocalizeJP": "まだ受け入れていない生徒さんの神名文字を集められましたね。"
    },
    {
        "TalkId": 180001,
        "LocalizeJP": "今回はこの神名文字で、生徒さんを募集してみましょう。"
    },
    {
        "TalkId": 180002,
        "LocalizeJP": "神名文字を集めた生徒さんを選択してください。"
    },
    {
        "TalkId": 180003,
        "LocalizeJP": "生徒さんの神名文字を一定数集めると、「神名文字交換」ボタンで神名文字と引き換えに、生徒さんを受け入れることができます。"
    },
    {
        "TalkId": 180003,
        "LocalizeJP": "或いは今すぐには使用せず、「募集」で生徒さんを受け入れてから、「神秘解放」で神名文字を使用するという手もあります。ここのご判断については、先生にお任せします！"
    },
    {
        "TalkId": 180004,
        "LocalizeJP": "では私は一旦ここまでで。これからも頑張ってください、先生！"
    },
    {
        "TalkId": 190001,
        "LocalizeJP": "ここでは、キヴォトスで起こっている様々なお話を見ることができます。"
    },
    {
        "TalkId": 190001,
        "LocalizeJP": "まずこちらは、メインストーリーです。"
    },
    {
        "TalkId": 190002,
        "LocalizeJP": "メインストーリーでは、キヴォトスのあちこちで繰り広げられる物語を見ることができます。"
    },
    {
        "TalkId": 190002,
        "LocalizeJP": "次はグループストーリー！"
    },
    {
        "TalkId": 190003,
        "LocalizeJP": "グループストーリーでは、各学園の部活や委員会のお話などのちょっとしたストーリーを見ることができます。"
    },
    {
        "TalkId": 190003,
        "LocalizeJP": "最後に、この二つ以外にも、お仕事で見たストーリーなどはこの「アーカイブ」で読み直すことができます。"
    },
    {
        "TalkId": 190004,
        "LocalizeJP": "では先生、引き続き頑張ってください！"
    },
    {
        "TalkId": 200001,
        "LocalizeJP": "「特別依頼」を行えるようになりました。"
    },
    {
        "TalkId": 200001,
        "LocalizeJP": "一緒に詳しく見てみましょうか？"
    },
    {
        "TalkId": 200001,
        "LocalizeJP": "まず、「拠点防衛」です。"
    },
    {
        "TalkId": 200002,
        "LocalizeJP": "「拠点防衛」とは、押し寄せてくるたくさんの敵を退治する任務です。"
    },
    {
        "TalkId": 200002,
        "LocalizeJP": "報酬として「レポート」を獲得できます。"
    },
    {
        "TalkId": 200002,
        "LocalizeJP": "そして次は、「クレジット回収」です。"
    },
    {
        "TalkId": 200003,
        "LocalizeJP": "「クレジット回収」は、制限時間内に素早く敵を倒さなければならない任務です。"
    },
    {
        "TalkId": 200003,
        "LocalizeJP": "報酬として「クレジットポイント」を獲得できます。"
    },
    {
        "TalkId": 200003,
        "LocalizeJP": "特別依頼に入場制限などはありませんので、どんどんやってみましょう！"
    },
    {
        "TalkId": 210001,
        "LocalizeJP": "「指名手配」の任務を行えるようになりました。"
    },
    {
        "TalkId": 210002,
        "LocalizeJP": "「指名手配」の任務では、逃げていく悪党を追撃しないといけません。"
    },
    {
        "TalkId": 210002,
        "LocalizeJP": "上手く達成できると、報酬として「スキル成長素材」を獲得できます。"
    },
    {
        "TalkId": 210002,
        "LocalizeJP": "それから、指名手配を行うためには、入場チケットが必要です。"
    },
    {
        "TalkId": 210003,
        "LocalizeJP": "チケット数は毎日決まった時間に回復しますので、ご安心ください！"
    },
    {
        "TalkId": 210003,
        "LocalizeJP": "あ、もう一つ、とっても重要な「学園効果」についてお教えします。"
    },
    {
        "TalkId": 210004,
        "LocalizeJP": "指名手配の任務の種類によって、ボーナス効果を受けられる学園があります。"
    },
    {
        "TalkId": 210005,
        "LocalizeJP": "該当する学園の生徒さんを、部隊にたくさん編成すればするほど、"
    },
    {
        "TalkId": 210005,
        "LocalizeJP": "任務の遂行が容易になるはずです。これは見逃せませんね！"
    },
    {
        "TalkId": 210005,
        "LocalizeJP": "それでは、引き続きよろしくお願いします！"
    },
    {
        "TalkId": 220001,
        "LocalizeJP": "アカウント管理についてご紹介します。"
    },
    {
        "TalkId": 220001,
        "LocalizeJP": "それではご案内しますね！"
    },
    {
        "TalkId": 220002,
        "LocalizeJP": "ここで、先生のアカウントを管理することができます。"
    },
    {
        "TalkId": 220003,
        "LocalizeJP": "アカウントを連携しておくことで、他の端末でログインしたり、ゲームを新たにダウンロードする際など"
    },
    {
        "TalkId": 220003,
        "LocalizeJP": "様々な場面で便利になりますので、ぜひ連携しておくことをおススメします！"
    },
    {
        "TalkId": 220003,
        "LocalizeJP": "また、先生の誕生日を登録・確認することができます。"
    },
    {
        "TalkId": 220003,
        "LocalizeJP": "それではよろしくお願いします、先生！"
    },
    {
        "TalkId": 101130101,
        "LocalizeJP": "先生がこれから作戦を遂行していくに当たって、ちょっとした訓練を準備してみました。"
    },
    {
        "TalkId": 101130101,
        "LocalizeJP": "それではさっそく始めましょう。"
    },
    {
        "TalkId": 101130101,
        "LocalizeJP": "まず、作戦が行われる「地形」に関する訓練です。"
    },
    {
        "TalkId": 101130101,
        "LocalizeJP": "生徒さんごとに、作戦を遂行しやすい[c][007eff]地形[-][/c]がそれぞれ違います。"
    },
    {
        "TalkId": 101130102,
        "LocalizeJP": "特定の地形が得意な生徒さんもいれば、苦手な生徒さんもいます。"
    },
    {
        "TalkId": 101130103,
        "LocalizeJP": "部隊を編成する時はこの情報をチェックすると、作戦の遂行に大きく役立つと思います！"
    },
    {
        "TalkId": 101130104,
        "LocalizeJP": "[c][007eff]遮蔽物[-][/c]です！[c][007eff]遮蔽物[-][/c]は、敵の攻撃から身を守ってくれます。"
    },
    {
        "TalkId": 101130105,
        "LocalizeJP": "ほとんどの生徒さんは、遮蔽物を見つけると、そこで[c][00f0ff]身を隠します。[-][/c]"
    },
    {
        "TalkId": 101130106,
        "LocalizeJP": "ただ、隠れない生徒さんもいますので、その点は注意です。"
    },
    {
        "TalkId": 101130201,
        "LocalizeJP": "生徒さんたちはそれぞれ、作戦中の[c][007eff]役割[-][/c]が決まっています。"
    },
    {
        "TalkId": 101130202,
        "LocalizeJP": "使えるスキルによって[c][00f0ff]タンク、アタッカー、サポーター、ヒーラー、タクティカルサポート（T.S）[-][/c]に分かれていて、"
    },
    {
        "TalkId": 101130203,
        "LocalizeJP": "自分の[c][007eff]役割[-][/c]に応じて、自ら[c][007eff]作戦を遂行しやすい位置[-][/c]に移動して戦います。"
    },
    {
        "TalkId": 101130203,
        "LocalizeJP": "まず[c][007eff]サポーター[-][/c]の生徒さんは、様々な方法で他の生徒さんの[c][007eff]戦闘をサポートします。[-][/c]"
    },
    {
        "TalkId": 101130203,
        "LocalizeJP": "[c][007eff]コタマ[-][/c]さんのスキルは、[c][007eff]味方の攻撃力を上昇[-][/c]させる効果があります。\nスキルを使って、他の生徒さんたちをサポートしてもらいましょう！"
    },
    {
        "TalkId": 101130204,
        "LocalizeJP": "[c][007eff]アタッカー[-][/c]は強力な攻撃で、[c][007eff]敵に大きなダメージを与えます。[-][/c]\nその代わりに体力が低い生徒さんが多いので、普段は後方から戦います。"
    },
    {
        "TalkId": 101130204,
        "LocalizeJP": "この中では[c][007eff]ムツキ[-][/c]さんが[c][007eff]アタッカー[-][/c]ですね！スキルカードをタッチして敵を選択してください！"
    },
    {
        "TalkId": 101130205,
        "LocalizeJP": "[c][007eff]タンク[-][/c]の生徒さんは、前方で[c][007eff]敵の攻撃を防いでくれます。[-][/c]"
    },
    {
        "TalkId": 101130205,
        "LocalizeJP": "この中では[c][007eff]ユウカ[-][/c]さんが[c][007eff]タンクの役割[-][/c]です。スキルを使って、攻撃を受けているユウカさん自身のことを強化してみてください！"
    },
    {
        "TalkId": 101130206,
        "LocalizeJP": "敵の攻撃で、生徒の皆さんの体力が少なくなっています！"
    },
    {
        "TalkId": 101130206,
        "LocalizeJP": "[c][007eff]ヒーラー[-][/c]の[c][007eff]ハナエ[-][/c]さんの出番ですね。皆さんを[c][007eff]治療してあげてください！[-][/c]"
    },
    {
        "TalkId": 102130301,
        "LocalizeJP": "敵も味方も、それぞれ[c][007eff]攻撃タイプ[-][/c]と[c][007eff]防御タイプ[-][/c]を持っています。"
    },
    {
        "TalkId": 102130302,
        "LocalizeJP": "敵の[c][00f0ff]防御タイプ[-][/c]に対して[c][00f0ff]有利なタイプ[-][/c]のキャラクターで攻撃すると、より[c][00f0ff]大きなダメージ[-][/c]を与えることができます。"
    },
    {
        "TalkId": 102130303,
        "LocalizeJP": "敵の[c][00f0ff]HPゲージの色[-][/c]が、敵の[c][00f0ff]タイプ[-][/c]を表していまして、"
    },
    {
        "TalkId": 102130304,
        "LocalizeJP": "[c][00f0ff]スキルカードの色[-][/c]が生徒さん側の[c][00f0ff]攻撃タイプ[-][/c]を表していますので、参考にしてください。"
    },
    {
        "TalkId": 102130305,
        "LocalizeJP": "[c][007eff]軽装備タイプ[-][/c]の敵が出現しました！"
    },
    {
        "TalkId": 102130305,
        "LocalizeJP": "[c][007eff]爆発タイプ[-][/c]の攻撃を成功させれば、[c][007eff]大きなダメージ[-][/c]を与えられます。"
    },
    {
        "TalkId": 102130305,
        "LocalizeJP": "[c][007eff]アル[-][/c]さんのスキルが[c][007eff]爆発タイプ[-][/c]ですので、アルさんのスキルを使ってみましょう！"
    },
    {
        "TalkId": 102130306,
        "LocalizeJP": "今度は[c][007eff]重装甲タイプ[-][/c]の敵ですね。重装甲タイプには、[c][007eff]貫通タイプ[-][/c]のスキルが有効です！"
    },
    {
        "TalkId": 102130306,
        "LocalizeJP": "[c][007eff]ジュンコ[-][/c]さんのスキルが[c][007eff]貫通タイプ[-][/c]です。ジュンコさんのスキルを使って、敵を攻撃してみましょう！"
    },
    {
        "TalkId": 102130307,
        "LocalizeJP": "あれは[c][007eff]特殊装甲タイプ[-][/c]の敵です！"
    },
    {
        "TalkId": 102130307,
        "LocalizeJP": "[c][007eff]特殊装甲タイプ[-][/c]の敵には、[c][007eff]神秘タイプ[-][/c]の攻撃が効果的です。"
    },
    {
        "TalkId": 102130307,
        "LocalizeJP": "[c][007eff]チセ[-][/c]さんのスキルが[c][007eff]神秘タイプ[-][/c]です。スキルカードをタップしてからドラッグし、敵の近くで指を離しましょう！スキルの発動はこの様に、タップでもドラッグでも行うことができます！"
    },
    {
        "TalkId": 102130401,
        "LocalizeJP": "生徒さんの[c][007eff]スキル[-][/c]によっては、先生が[c][007eff]戦闘に直接関与[-][/c]することができます。"
    },
    {
        "TalkId": 102130401,
        "LocalizeJP": "先生が実際に戦闘に関与するスキルは、[c][007eff]タイミングと位置[-][/c]が非常に重要です。"
    },
    {
        "TalkId": 102130401,
        "LocalizeJP": "では実際に先生に指示をしてもらいつつ、[c][007eff]敵を引き付けるスキル[-][/c]を使ってみましょう！"
    },
    {
        "TalkId": 102130402,
        "LocalizeJP": "[c][007eff]ジュリ[-][/c]さんのスキルは、[c][007eff]敵をおびき寄せて[-][/c]から[c][007eff]ダメージ[-][/c]を与えることができます。"
    },
    {
        "TalkId": 102130402,
        "LocalizeJP": "敵がたくさん集まれば集まるほど、もちろん範囲攻撃の効率も良くなります！"
    },
    {
        "TalkId": 102130402,
        "LocalizeJP": "ジュリさんのスキルカードをタップしてから、ドラッグで発動させたい場所を狙い、好きな位置で指を離してみてください！"
    },
    {
        "TalkId": 102130402,
        "LocalizeJP": "敵とあまりにも離れた位置ですと、おびき寄せにくくなってしまうので、その点にはご注意ください！"
    },
    {
        "TalkId": 103130501,
        "LocalizeJP": "一部の生徒さんは、自ら[c][007eff]遮蔽物を設置[-][/c]することができます。"
    },
    {
        "TalkId": 103130501,
        "LocalizeJP": "[c][007eff]シミコ[-][/c]さんのスキルを使って、シロコさんとシュンさんのサポートをしてもらいましょうか？"
    },
    {
        "TalkId": 103130501,
        "LocalizeJP": "二人の前に遮蔽物を設置して、敵の攻撃を防ぎましょう！"
    },
    {
        "TalkId": 103130601,
        "LocalizeJP": "生徒さんによっては、先生の指示に従って[c][007eff]移動するスキル[-][/c]を持っています。"
    },
    {
        "TalkId": 103130601,
        "LocalizeJP": "このような生徒さんのスキルを上手く活用すれば、先生の指示通りに[c][007eff]敵の攻撃をかわす[-][/c]こともできるかと！"
    },
    {
        "TalkId": 103130602,
        "LocalizeJP": "敵がアスナさんを狙っていますね、それに強力な攻撃が飛んで来そうです！"
    },
    {
        "TalkId": 103130602,
        "LocalizeJP": "[c][007eff]アスナ[-][/c]さんのスキルを使って避けてみましょう！攻撃範囲の外を指示して回避です！"
    },
    {
        "TalkId": 103130602,
        "LocalizeJP": "攻撃を避けた後は、[c][007eff]カリンさんのスキルで反撃[-][/c]しましょう！"
    },
    {
        "TalkId": 230001,
        "LocalizeJP": "固有武器を装備できるようになった生徒さんがいますね。"
    },
    {
        "TalkId": 230001,
        "LocalizeJP": "固有武器は、★5まで神秘解放をした生徒さんだけが装備できる特別な武器です。"
    },
    {
        "TalkId": 230002,
        "LocalizeJP": "それでは試しに、まずこちらの生徒さんの固有武器を装備しに行ってみましょうか。"
    },
    {
        "TalkId": 230002,
        "LocalizeJP": "ここの固有武器のスロットをタッチしてみてください。"
    },
    {
        "TalkId": 230003,
        "LocalizeJP": "ここで固有武器の装備や、管理を行うことができます。"
    },
    {
        "TalkId": 230003,
        "LocalizeJP": "固有武器は生徒さんの能力値を上昇させたり、"
    },
    {
        "TalkId": 230004,
        "LocalizeJP": "スキル内容や、地形別戦闘力を強化することができるものもあります。"
    },
    {
        "TalkId": 230005,
        "LocalizeJP": "固有武器は、このボタンをタップすることで装備が可能です。"
    },
    {
        "TalkId": 230006,
        "LocalizeJP": "固有武器を強化すると、能力値が大きく増加することはもちろん、"
    },
    {
        "TalkId": 230006,
        "LocalizeJP": "スキルの強化にも繋がったりするので、とってもおススメです！"
    },
    {
        "TalkId": 230006,
        "LocalizeJP": "では先生、これからも頑張っていきましょう！"
    },
    {
        "TalkId": 240001,
        "LocalizeJP": "先生、「合同火力演習」の会場へようこそ！"
    },
    {
        "TalkId": 240001,
        "LocalizeJP": "ここでは生徒さんたちが様々な形式で演習を行い、その結果に応じて報酬を獲得することが可能です。"
    },
    {
        "TalkId": 240001,
        "LocalizeJP": "各演習場には、それぞれ「特殊ルール」が存在します。"
    },
    {
        "TalkId": 240001,
        "LocalizeJP": "そのルールの上でより素早く演習課題をこなせるほど、より高い点数が獲得できます。"
    },
    {
        "TalkId": 240002,
        "LocalizeJP": "演習期間中にこの「入場」ボタンを押すことで、演習が開始されます。"
    },
    {
        "TalkId": 240002,
        "LocalizeJP": "「情報」ボタンを押すと、次の演習情報を確認することが可能です！"
    },
    {
        "TalkId": 240002,
        "LocalizeJP": "特殊ルールについてよく確認した上で、生徒さんたちと戦略を練ってみてください。"
    },
    {
        "TalkId": 240002,
        "LocalizeJP": "それでは先生、良い結果になるよう応援していますね。頑張ってください！"
    },
    {
        "TalkId": 250001,
        "LocalizeJP": "先生！大決戦に参加できるようになりました！"
    },
    {
        "TalkId": 250001,
        "LocalizeJP": "ここでは総力戦で出会ったボスが様々な防御タイプで出現します。"
    },
    {
        "TalkId": 250002,
        "LocalizeJP": "それぞれのボスが出現する期間は決まっています！"
    },
    {
        "TalkId": 250003,
        "LocalizeJP": "出現したボスは、防御タイプによって必要な入場チケットが異なり、"
    },
    {
        "TalkId": 250003,
        "LocalizeJP": "毎日ログインする度に、すべての防御タイプのチケットが1枚ずつ付与されます。"
    },
    {
        "TalkId": 250003,
        "LocalizeJP": "一度倒したボスは、防御タイプ別と難易度別に掃討する事ができますが、"
    },
    {
        "TalkId": 250003,
        "LocalizeJP": "シーズンが変わったら、ボスを再び倒さないと掃討できません！ご注意ください！"
    },
    {
        "TalkId": 250003,
        "LocalizeJP": "各ボスの防御タイプ別に最高スコアを合算し、ランキングを記録します。"
    },
    {
        "TalkId": 250004,
        "LocalizeJP": "一筋縄ではいかない任務だと思いますが、アロナが精一杯サポートします！"
    },
    {
        "TalkId": 260001,
        "LocalizeJP": "これより、制約解除決戦に参加できます。"
    },
    {
        "TalkId": 260001,
        "LocalizeJP": "制約解除決戦は段階によって強くなるボスと戦う任務です。"
    },
    {
        "TalkId": 260001,
        "LocalizeJP": "ボスを退治することで段階報酬を獲得することができます。"
    },
    {
        "TalkId": 260002,
        "LocalizeJP": "それでは、戦闘について案内しますね。"
    },
    {
        "TalkId": 260002,
        "LocalizeJP": "まずは入場ボタンを押してください。"
    },
    {
        "TalkId": 260003,
        "LocalizeJP": "ここでは戦闘を行うボスの段階を確認し、選ぶことができます。"
    },
    {
        "TalkId": 260004,
        "LocalizeJP": "段階が上がるほど、強力なボスが登場します。"
    },
    {
        "TalkId": 260004,
        "LocalizeJP": "こちらでボスの情報を事前に確認し、準備をしましょう。"
    },
    {
        "TalkId": 260005,
        "LocalizeJP": "戦闘はシーズンオープン中のみ、入場できます。"
    },
    {
        "TalkId": 260006,
        "LocalizeJP": "決まった期間内に最上段階まで挑戦することは、簡単ではないと思いますが……"
    },
    {
        "TalkId": 260006,
        "LocalizeJP": "アロナ先輩と一緒に、先生をサポートします。"
    },
    {
        "TalkId": 270001,
        "LocalizeJP": "先生！任務の戦闘をより簡単に指揮できるようになりました！"
    },
    {
        "TalkId": 270001,
        "LocalizeJP": "内容を説明しますね。"
    },
    {
        "TalkId": 270002,
        "LocalizeJP": "「簡易攻略」は一度の戦闘で任務を完了できる機能です。"
    },
    {
        "TalkId": 270003,
        "LocalizeJP": "ですが、集中指揮に登場する、一番強い敵を倒す必要があります。"
    },
    {
        "TalkId": 270003,
        "LocalizeJP": "それと、どの作戦指揮を選択しても任務目標は共有となります。ご注意ください！"
    },
    {
        "TalkId": 270004,
        "LocalizeJP": "案内は以上です。"
    },
    {
        "TalkId": 270004,
        "LocalizeJP": "それでは、指揮スタイルを選んで任務を進めていきましょう！"
    }
]