[
    {
        "CostumeUniqueId": 900900601,
        "DisplayOrder": 10,
        "LocalizeTW": "TV限定的特別活動\n正在舉辦中唷～！"
    },
    {
        "CostumeUniqueId": 900900601,
        "DisplayOrder": 20,
        "LocalizeTW": "是做好虧本覺悟的\n大特賣唷～！\n請來看看吧！"
    },
    {
        "CostumeUniqueId": 900900601,
        "DisplayOrder": 30,
        "LocalizeTW": "即將完售！\n只有現貨，\n賣完就沒囉～！"
    },
    {
        "CostumeUniqueId": 900900601,
        "DisplayOrder": 40,
        "LocalizeTW": "感謝完售！\n請等待再次進貨！"
    },
    {
        "CostumeUniqueId": 900900601,
        "DisplayOrder": 50,
        "LocalizeTW": "開幕特賣中～！\n相當划算哦！"
    },
    {
        "CostumeUniqueId": 900900601,
        "DisplayOrder": 60,
        "LocalizeTW": "感謝您一直以來的\n支持與惠顧！"
    },
    {
        "CostumeUniqueId": 900900601,
        "DisplayOrder": 70,
        "LocalizeTW": "託您的福，\n盛況空前！"
    },
    {
        "CostumeUniqueId": 900900601,
        "DisplayOrder": 80,
        "LocalizeTW": "即使完售，\n節目還是會繼續呢！"
    },
    {
        "CostumeUniqueId": 900900601,
        "DisplayOrder": 90,
        "LocalizeTW": "因為合約上\n就是這麼規定的！"
    },
    {
        "CostumeUniqueId": 900900601,
        "DisplayOrder": 100,
        "LocalizeTW": "終於到結束的時間了！"
    },
    {
        "CostumeUniqueId": 900900601,
        "DisplayOrder": 110,
        "LocalizeTW": "有沒有漏買的東西呢？"
    },
    {
        "CostumeUniqueId": 900900601,
        "DisplayOrder": 120,
        "LocalizeTW": "歡迎來到\n特別直播節目！"
    },
    {
        "CostumeUniqueId": 900900601,
        "DisplayOrder": 130,
        "LocalizeTW": "本節目由新聞部的偶像\n川流詩音為您主持！"
    },
    {
        "CostumeUniqueId": 900900601,
        "DisplayOrder": 140,
        "LocalizeTW": "請注意別錯過囉！"
    },
    {
        "CostumeUniqueId": 900900601,
        "DisplayOrder": 150,
        "LocalizeTW": "那個，很好吃對吧！"
    },
    {
        "CostumeUniqueId": 900900601,
        "DisplayOrder": 160,
        "LocalizeTW": "……咦？\n腳本是不是\n有點奇怪！？"
    },
    {
        "CostumeUniqueId": 900900601,
        "DisplayOrder": 170,
        "LocalizeTW": "這就是所謂\n大人的氣場呢！"
    },
    {
        "CostumeUniqueId": 900900601,
        "DisplayOrder": 180,
        "LocalizeTW": "感謝您的購買！"
    },
    {
        "CostumeUniqueId": 900900601,
        "DisplayOrder": 190,
        "LocalizeTW": "這個速度，\n連攝影機都\n追不上了！！"
    },
    {
        "CostumeUniqueId": 900900601,
        "DisplayOrder": 200,
        "LocalizeTW": "這場試煉，\n老師究竟能否\n突破呢！？"
    },
    {
        "CostumeUniqueId": 900900601,
        "DisplayOrder": 210,
        "LocalizeTW": "請不要轉台唷！"
    },
    {
        "CostumeUniqueId": 900900601,
        "DisplayOrder": 220,
        "LocalizeTW": "奇怪，您怎麼會來這裡？"
    },
    {
        "CostumeUniqueId": 900900601,
        "DisplayOrder": 230,
        "LocalizeTW": "咦……節目已經\n結束了唷……？"
    },
    {
        "CostumeUniqueId": 900900601,
        "DisplayOrder": 240,
        "LocalizeTW": "非常遺憾，我幫不上忙！\n因為報導必須中立！"
    },
    {
        "CostumeUniqueId": 900900601,
        "DisplayOrder": 250,
        "LocalizeTW": "啊～！\n「假裝完成」\n可是犯規唷！"
    },
    {
        "CostumeUniqueId": 900900601,
        "DisplayOrder": 260,
        "LocalizeTW": "相當活躍呢！\n肯定會刷新\n收視率的！！"
    },
    {
        "CostumeUniqueId": 900900601,
        "DisplayOrder": 270,
        "LocalizeTW": "恭喜您！\n請發表一下感言吧！"
    }
]