[
    {
        "GroupId": 1,
        "LocalizeTW": ""
    },
    {
        "GroupId": 1,
        "LocalizeTW": ""
    },
    {
        "GroupId": 1,
        "LocalizeTW": ""
    },
    {
        "GroupId": 1,
        "LocalizeTW": ""
    },
    {
        "GroupId": 1,
        "LocalizeTW": ""
    },
    {
        "GroupId": 1,
        "LocalizeTW": ""
    },
    {
        "GroupId": 1,
        "LocalizeTW": ""
    },
    {
        "GroupId": 1,
        "LocalizeTW": ""
    },
    {
        "GroupId": 1,
        "LocalizeTW": ""
    },
    {
        "GroupId": 1,
        "LocalizeTW": ""
    },
    {
        "GroupId": 1,
        "LocalizeTW": ""
    },
    {
        "GroupId": 1,
        "LocalizeTW": ""
    },
    {
        "GroupId": 1,
        "LocalizeTW": ""
    },
    {
        "GroupId": 1,
        "LocalizeTW": ""
    },
    {
        "GroupId": 1,
        "LocalizeTW": ""
    },
    {
        "GroupId": 1,
        "LocalizeTW": ""
    },
    {
        "GroupId": 2,
        "LocalizeTW": ""
    },
    {
        "GroupId": 3,
        "LocalizeTW": ""
    },
    {
        "GroupId": 3,
        "LocalizeTW": ""
    },
    {
        "GroupId": 3,
        "LocalizeTW": ""
    },
    {
        "GroupId": 4,
        "LocalizeTW": ""
    },
    {
        "GroupId": 5,
        "LocalizeTW": ""
    },
    {
        "GroupId": 5,
        "LocalizeTW": ""
    },
    {
        "GroupId": 5,
        "LocalizeTW": ""
    },
    {
        "GroupId": 6,
        "LocalizeTW": ""
    },
    {
        "GroupId": 8431998001,
        "LocalizeTW": ""
    },
    {
        "GroupId": 8431998002,
        "LocalizeTW": ""
    },
    {
        "GroupId": 8431998003,
        "LocalizeTW": ""
    },
    {
        "GroupId": 8431998004,
        "LocalizeTW": ""
    },
    {
        "GroupId": 8431998005,
        "LocalizeTW": ""
    },
    {
        "GroupId": 8431998006,
        "LocalizeTW": ""
    },
    {
        "GroupId": 8431998007,
        "LocalizeTW": ""
    },
    {
        "GroupId": 8431998008,
        "LocalizeTW": ""
    },
    {
        "GroupId": 8431998009,
        "LocalizeTW": ""
    },
    {
        "GroupId": 8431998010,
        "LocalizeTW": ""
    },
    {
        "GroupId": 8431998011,
        "LocalizeTW": ""
    },
    {
        "GroupId": 8431998012,
        "LocalizeTW": ""
    },
    {
        "GroupId": 8431998013,
        "LocalizeTW": ""
    },
    {
        "GroupId": 8431998014,
        "LocalizeTW": ""
    },
    {
        "GroupId": 8431998015,
        "LocalizeTW": ""
    },
    {
        "GroupId": 8431999001,
        "LocalizeTW": ""
    },
    {
        "GroupId": 8431999002,
        "LocalizeTW": ""
    },
    {
        "GroupId": 8431999003,
        "LocalizeTW": ""
    },
    {
        "GroupId": 8431999004,
        "LocalizeTW": ""
    },
    {
        "GroupId": 8431999005,
        "LocalizeTW": ""
    },
    {
        "GroupId": 8431999006,
        "LocalizeTW": ""
    },
    {
        "GroupId": 8431999007,
        "LocalizeTW": ""
    },
    {
        "GroupId": 8431999008,
        "LocalizeTW": ""
    },
    {
        "GroupId": 8431999009,
        "LocalizeTW": ""
    },
    {
        "GroupId": 8431999010,
        "LocalizeTW": ""
    },
    {
        "GroupId": 8431999011,
        "LocalizeTW": ""
    },
    {
        "GroupId": 8431999012,
        "LocalizeTW": ""
    },
    {
        "GroupId": 8431999013,
        "LocalizeTW": ""
    },
    {
        "GroupId": 8431999014,
        "LocalizeTW": ""
    },
    {
        "GroupId": 8431999015,
        "LocalizeTW": ""
    },
    {
        "GroupId": 8431999016,
        "LocalizeTW": "（收集的資料已儲存完畢）"
    },
    {
        "GroupId": 8431999017,
        "LocalizeTW": "（收集的資料儲存好了）"
    },
    {
        "GroupId": 8431999018,
        "LocalizeTW": "（寧瑠也得把資料帶來才行）"
    },
    {
        "GroupId": 8431999019,
        "LocalizeTW": "（聖亞也得把資料拿來才行）"
    },
    {
        "GroupId": 8430001000,
        "LocalizeTW": "（戴上箱子的話，只要靜止不動就不會被發現了）"
    },
    {
        "GroupId": 8430001000,
        "LocalizeTW": "（抓準時機…行動吧！）"
    },
    {
        "GroupId": 8430001010,
        "LocalizeTW": "…是…"
    },
    {
        "GroupId": 8430001010,
        "LocalizeTW": "…我…"
    },
    {
        "GroupId": 8430001010,
        "LocalizeTW": "（還有點距離…）"
    },
    {
        "GroupId": 8430001030,
        "LocalizeTW": "交接時間快到了。"
    },
    {
        "GroupId": 8430001030,
        "LocalizeTW": "趕快完成交易回去吧！"
    },
    {
        "GroupId": 8430001030,
        "LocalizeTW": "（……到這裡應該可以了）"
    },
    {
        "GroupId": 8430001040,
        "LocalizeTW": "（還有需要完成的事情）"
    },
    {
        "GroupId": 8430001050,
        "LocalizeTW": "（先等等看吧）"
    },
    {
        "GroupId": 8430003000,
        "LocalizeTW": "（剛剛是說…過去就會有個數據裝置是吧？）"
    },
    {
        "GroupId": 8430003000,
        "LocalizeTW": "（真想一鼓作氣衝過去…）"
    },
    {
        "GroupId": 8430003000,
        "LocalizeTW": "（…果然我還是不喜歡潛入行動）"
    },
    {
        "GroupId": 8430003000,
        "LocalizeTW": "（體力下降的話…好像可以喝恢復藥）"
    },
    {
        "GroupId": 8430003010,
        "LocalizeTW": "（還有事情得做）"
    },
    {
        "GroupId": 8430006000,
        "LocalizeTW": "（無人機…不愧是千年，跟三一截然不同呢）"
    },
    {
        "GroupId": 8430006000,
        "LocalizeTW": "（沿著這條通道走到底…就會有扇門吧）"
    },
    {
        "GroupId": 8430006010,
        "LocalizeTW": "（機器狗…）"
    },
    {
        "GroupId": 8430006010,
        "LocalizeTW": "聖亞，這邊。"
    },
    {
        "GroupId": 8430006010,
        "LocalizeTW": "莉央。"
    },
    {
        "GroupId": 8430006010,
        "LocalizeTW": "我在機器狗上裝了通訊器。"
    },
    {
        "GroupId": 8430006010,
        "LocalizeTW": "現在可以隨時儲存收集到的資料。"
    },
    {
        "GroupId": 8430006020,
        "LocalizeTW": "（…這邊無法自行通過）"
    },
    {
        "GroupId": 8430006020,
        "LocalizeTW": "（看來得聯絡莉央了）"
    },
    {
        "GroupId": 8430006030,
        "LocalizeTW": "我也正在準備祕密通道。"
    },
    {
        "GroupId": 8430006030,
        "LocalizeTW": "操作配電盤關閉排風扇之後，就能通過排風口了。"
    },
    {
        "GroupId": 8430006040,
        "LocalizeTW": "（這是…配電盤…？）"
    },
    {
        "GroupId": 8430006050,
        "LocalizeTW": "（現在應該可以進入排風口了）"
    },
    {
        "GroupId": 8430006050,
        "LocalizeTW": "（趕緊移動吧）"
    },
    {
        "GroupId": 8431001000,
        "LocalizeTW": "（那是……？）"
    },
    {
        "GroupId": 8431001000,
        "LocalizeTW": "（原來這裡也有啊。應該能派上用場）"
    },
    {
        "GroupId": 8431001010,
        "LocalizeTW": "（現在可以用用看了嗎……）"
    },
    {
        "GroupId": 8431001011,
        "LocalizeTW": "（原來是那個啊。性能真是不錯）"
    },
    {
        "GroupId": 8431002000,
        "LocalizeTW": "（成功抵達了……）"
    },
    {
        "GroupId": 8431002000,
        "LocalizeTW": "（再前進一點吧）"
    },
    {
        "GroupId": 8431002010,
        "LocalizeTW": "（要在不被發現的情況下接近有點困難）"
    },
    {
        "GroupId": 8431002010,
        "LocalizeTW": "（…話說莉央有給我一對護膝）"
    },
    {
        "GroupId": 8431002010,
        "LocalizeTW": "（正好能派上用場）"
    },
    {
        "GroupId": 8431002020,
        "LocalizeTW": "只要這次可以成功，我們就終於能吃上一次慶功宴了！"
    },
    {
        "GroupId": 8431002020,
        "LocalizeTW": "就算要續攤也可以吧！？畢竟那麼難得！"
    },
    {
        "GroupId": 8431002020,
        "LocalizeTW": "我想吃鐵板料理！"
    },
    {
        "GroupId": 8431002030,
        "LocalizeTW": "（要是發出聲音的話，可能會被他們逃跑…）"
    },
    {
        "GroupId": 8431002030,
        "LocalizeTW": "[전구]"
    },
    {
        "GroupId": 8431002030,
        "LocalizeTW": "（…對了，墊子）"
    },
    {
        "GroupId": 8431002030,
        "LocalizeTW": "（那傢伙準備得還真徹底）"
    },
    {
        "GroupId": 8431003000,
        "LocalizeTW": "（唔嗯…這下麻煩了）"
    },
    {
        "GroupId": 8431003000,
        "LocalizeTW": "（…是說可以用無線電連絡寧瑠對吧）"
    },
    {
        "GroupId": 8431003000,
        "LocalizeTW": "（來試試看吧）"
    },
    {
        "GroupId": 8431003010,
        "LocalizeTW": "嗯，大致了解了。我從這邊想想辦法。"
    },
    {
        "GroupId": 8431003010,
        "LocalizeTW": "…配電盤？好，我找找看。"
    },
    {
        "GroupId": 8431004000,
        "LocalizeTW": "（聖亞那邊…）"
    },
    {
        "GroupId": 8431004000,
        "LocalizeTW": "（…他也不是小孩子了，應該能處理好吧）"
    },
    {
        "GroupId": 8431004010,
        "LocalizeTW": "（…看來需要那邊的幫忙）"
    },
    {
        "GroupId": 8431005000,
        "LocalizeTW": "（……雖然不是很懂，但一定要逃出去才行）"
    },
    {
        "GroupId": 8431005000,
        "LocalizeTW": "（我的直覺告訴我，要是被抓到就完蛋了！）"
    },
    {
        "GroupId": 8431006000,
        "LocalizeTW": "……好像有點奇怪。"
    },
    {
        "GroupId": 8431006000,
        "LocalizeTW": "（照理來說，警備應該逐漸增強才對）"
    },
    {
        "GroupId": 8431006000,
        "LocalizeTW": "[…]"
    },
    {
        "GroupId": 8431006000,
        "LocalizeTW": "[!]"
    },
    {
        "GroupId": 8431006000,
        "LocalizeTW": "是陷阱！對方的目的從一開始就是這個！"
    },
    {
        "GroupId": 8431006000,
        "LocalizeTW": "需要寧瑠的幫忙！"
    },
    {
        "GroupId": 8431006010,
        "LocalizeTW": "[!]"
    },
    {
        "GroupId": 8431006010,
        "LocalizeTW": "這次換寧瑠有危險了！"
    },
    {
        "GroupId": 8431006020,
        "LocalizeTW": "看來需要由聖亞打開才行。"
    },
    {
        "GroupId": 8431007000,
        "LocalizeTW": "（這樣下去會被抓到的…）"
    },
    {
        "GroupId": 8431007000,
        "LocalizeTW": "（有沒有什麼…能阻擋它前進路線的東西…！)"
    }
]