[
    {
        "TalkId": 1,
        "LocalizeTW": "首先為您說明[c][007eff]技能卡系統[-][/c]。"
    },
    {
        "TalkId": 1,
        "LocalizeTW": "參加戰鬥的學生們各持有一張[c][007eff]EX技能卡[-][/c]。"
    },
    {
        "TalkId": 1,
        "LocalizeTW": "其中3張技能卡會隨機被抽取。"
    },
    {
        "TalkId": 1,
        "LocalizeTW": "點擊喜歡的卡片即可使用技能。"
    },
    {
        "TalkId": 2,
        "LocalizeTW": "使用技能時需要相應的[c][007eff]COST[-][/c]，"
    },
    {
        "TalkId": 2,
        "LocalizeTW": "COST會[c][007eff]自動補充[-][/c]，並且以量表的形式顯示。"
    },
    {
        "TalkId": 3,
        "LocalizeTW": "如果學生發現[c][007eff]掩蔽物[-][/c]就會[c][007eff]自動進行掩蔽[-][/c]。"
    },
    {
        "TalkId": 3,
        "LocalizeTW": "在進行掩蔽的期間，可以大幅阻擋敵人的攻擊。"
    },
    {
        "TalkId": 3,
        "LocalizeTW": "因此有效地活用掩蔽是戰鬥的要點。"
    },
    {
        "TalkId": 3,
        "LocalizeTW": "但是，也有無法進行掩蔽的學生，並且掩蔽物可能會被敵人的攻擊破壞，請務必記得。"
    },
    {
        "TalkId": 4,
        "LocalizeTW": "能看到一群敵人聚集在前方呢。"
    },
    {
        "TalkId": 4,
        "LocalizeTW": "[c][007eff]鈴美[-][/c]同學的技能對[c][007eff]聚在一起的敵人[-][/c]使用特別有效，請使用看看吧。"
    },
    {
        "TalkId": 4,
        "LocalizeTW": "點擊技能卡後，請選擇聚在一起的敵人。"
    },
    {
        "TalkId": 5,
        "LocalizeTW": "那麼，來用用看優香同學的技能吧。"
    },
    {
        "TalkId": 5,
        "LocalizeTW": "[c][007eff]優香[-][/c]同學的技能屬於[c][007eff]強化自身[-][/c]的類型，因此點擊技能卡後請觸碰優香。"
    },
    {
        "TalkId": 6,
        "LocalizeTW": "必須對付十字軍戰車！"
    },
    {
        "TalkId": 6,
        "LocalizeTW": "十字軍戰車屬於[c][007eff]重裝甲防禦類型[-][/c]的敵人，因此[c][007eff]貫穿型技能[-][/c]可以造成追加傷害。"
    },
    {
        "TalkId": 6,
        "LocalizeTW": "[c][007eff]蓮實[-][/c]同學的技能屬於[c][007eff]貫穿型[-][/c]，供您作參考。"
    },
    {
        "TalkId": 7,
        "LocalizeTW": "從現在起，老師的工作即將開始！"
    },
    {
        "TalkId": 7,
        "LocalizeTW": "但是……因為社團才剛開始，\n學生的數量有點少呢……"
    },
    {
        "TalkId": 7,
        "LocalizeTW": "為了讓工作能順利執行，多招募一些願意加入夏萊的學生比較好！"
    },
    {
        "TalkId": 30001,
        "LocalizeTW": "在確定招募結果前，先向大家介紹甄選招募！"
    },
    {
        "TalkId": 30001,
        "LocalizeTW": "可依照畫面上顯示的剩餘次數進行額外的甄選招募。"
    },
    {
        "TalkId": 30002,
        "LocalizeTW": "若想保存現在招募的結果，請按下「保存結果」按鈕！"
    },
    {
        "TalkId": 30003,
        "LocalizeTW": "可在此確認保存的招募結果。"
    },
    {
        "TalkId": 30004,
        "LocalizeTW": "請注意，只能保存1個結果！之後保存結果時，會覆蓋原先的招募結果！"
    },
    {
        "TalkId": 30004,
        "LocalizeTW": "可透過按下「重新進行」按鈕重新進行甄選招募。"
    },
    {
        "TalkId": 30005,
        "LocalizeTW": "最後，可按下「選擇結果」按鈕來確定招募結果！"
    },
    {
        "TalkId": 30006,
        "LocalizeTW": "說明結束了，馬上去見新學生吧。"
    },
    {
        "TalkId": 8,
        "LocalizeTW": "新的學生加入了呢！"
    },
    {
        "TalkId": 8,
        "LocalizeTW": "那麼，開始執行聯邦學生會交辦的工作吧。"
    },
    {
        "TalkId": 9,
        "LocalizeTW": "接下來必須對付擾亂奇普托斯和平的壞蛋們！"
    },
    {
        "TalkId": 10,
        "LocalizeTW": "這裡是戰略地圖。是將學生們以部隊為單位進行配置和命令，以更高的觀點進行作戰的地方。"
    },
    {
        "TalkId": 10,
        "LocalizeTW": "請按下「Start」方格，投入我方部隊！"
    },
    {
        "TalkId": 11,
        "LocalizeTW": "將剛才加入的學生編入部隊吧。"
    },
    {
        "TalkId": 12,
        "LocalizeTW": "部隊由直接在戰場上\n戰鬥的前鋒部隊，"
    },
    {
        "TalkId": 13,
        "LocalizeTW": "以及在後方支援的\n特殊部隊所構成。"
    },
    {
        "TalkId": 14,
        "LocalizeTW": "編輯已完成，試著出擊吧。"
    },
    {
        "TalkId": 15,
        "LocalizeTW": "請按下「任務開始」按鈕開始執行任務！"
    },
    {
        "TalkId": 16,
        "LocalizeTW": "點擊想前往的鄰近方格後，部隊便會移動到該處。"
    },
    {
        "TalkId": 16,
        "LocalizeTW": "接下來就移動到敵人所在的方格，開始戰鬥吧！"
    },
    {
        "TalkId": 17,
        "LocalizeTW": "移動過的我方部隊在\n這回合無法再進行移動。"
    },
    {
        "TalkId": 17,
        "LocalizeTW": "按下「PHASE結束」按鈕後，我們的回合就結束了。"
    },
    {
        "TalkId": 18,
        "LocalizeTW": "又輪到了我們的回合！"
    },
    {
        "TalkId": 18,
        "LocalizeTW": "剩下的敵人只有此處的頭目了！"
    },
    {
        "TalkId": 19,
        "LocalizeTW": "執行任務時，在何種地形上戰鬥非常重要。"
    },
    {
        "TalkId": 20,
        "LocalizeTW": "可在此確認目前戰場的地形類型。"
    },
    {
        "TalkId": 20,
        "LocalizeTW": "學生之中有能夠在特定地形發揮更強大力量的類型，請納入參考！"
    },
    {
        "TalkId": 21,
        "LocalizeTW": "那麼，這樣一來基本的戰鬥方法已經全數說明完畢。"
    },
    {
        "TalkId": 21,
        "LocalizeTW": "接下來，想再次請老師解決奇普托斯的各種事件！"
    },
    {
        "TalkId": 21,
        "LocalizeTW": "那麼先返回大廳吧。"
    },
    {
        "TalkId": 22,
        "LocalizeTW": "編入的學生越多，使用技能所需的COST恢復得越快。"
    },
    {
        "TalkId": 22,
        "LocalizeTW": "藉由在前鋒部隊和特殊部隊分別編入人員，"
    },
    {
        "TalkId": 22,
        "LocalizeTW": "COST恢復速度將會增加，請盡量編入學生吧！"
    },
    {
        "TalkId": 23,
        "LocalizeTW": "辛苦了，老師。再次向你介紹，這裡就是夏萊的大廳。"
    },
    {
        "TalkId": 23,
        "LocalizeTW": "是今後老師進行各種任務的據點。"
    },
    {
        "TalkId": 23,
        "LocalizeTW": "……咦？有人傳來聯絡了呢？"
    },
    {
        "TalkId": 24,
        "LocalizeTW": "「MomoTalk」是奇普托斯非常普及的通訊軟體。"
    },
    {
        "TalkId": 24,
        "LocalizeTW": "以後老師可以透過MomoTalk和學生對話，"
    },
    {
        "TalkId": 24,
        "LocalizeTW": "以及確認與學生羈絆的相關情報。"
    },
    {
        "TalkId": 25,
        "LocalizeTW": "新收到的訊息將會顯示在左側。"
    },
    {
        "TalkId": 26,
        "LocalizeTW": "請點擊圖示確認訊息吧！"
    },
    {
        "TalkId": 27,
        "LocalizeTW": "啊，是優香同學傳來的呢！"
    },
    {
        "TalkId": 27,
        "LocalizeTW": "至於內容就請老師親自確認了……！"
    },
    {
        "TalkId": 28,
        "LocalizeTW": "說不定能得到意外的禮物……！？"
    },
    {
        "TalkId": 9999,
        "LocalizeTW": "可以在這裡確認劇情。"
    },
    {
        "TalkId": 9999,
        "LocalizeTW": "包含解決奇普托斯發生的各種事件的主線劇情，"
    },
    {
        "TalkId": 9999,
        "LocalizeTW": "以及能窺見學生們日常的支線劇情。"
    },
    {
        "TalkId": 9999,
        "LocalizeTW": "此外還能在這裡看到各種故事章節，請記得確認喔！"
    },
    {
        "TalkId": 9999,
        "LocalizeTW": "這裡是老師可以決定課程表的地方！"
    },
    {
        "TalkId": 9999,
        "LocalizeTW": "可以和各位學生們一起選擇並執行各種課程表。"
    },
    {
        "TalkId": 9999,
        "LocalizeTW": "那麼，先移動到夏萊辦公室吧。"
    },
    {
        "TalkId": 9999,
        "LocalizeTW": "只要選擇準備好的課程，參加此課程表的學生的羈絆點數就會增加！"
    },
    {
        "TalkId": 9999,
        "LocalizeTW": "由於課程表的執行次數有限，請認真思考再做決定哦！"
    },
    {
        "TalkId": 35,
        "LocalizeTW": "困難任務開放了！"
    },
    {
        "TalkId": 35,
        "LocalizeTW": "這是重要的任務，我們一起去確認吧。"
    },
    {
        "TalkId": 36,
        "LocalizeTW": "由於困難任務難度更高，所以能獲得更好的獎勵。"
    },
    {
        "TalkId": 36,
        "LocalizeTW": "但是請記得一天能挑戰的次數有限。"
    },
    {
        "TalkId": 37,
        "LocalizeTW": "那麼請進入任務吧。"
    },
    {
        "TalkId": 38,
        "LocalizeTW": "困難任務基本上是難以確保視野的困難戰鬥。"
    },
    {
        "TalkId": 39,
        "LocalizeTW": "敵人可能會躲在看不到的地方，也可能擺放著重要的道具，在確認之前都是未知數。"
    },
    {
        "TalkId": 39,
        "LocalizeTW": "因此戰略性的判斷比平時更重要！"
    },
    {
        "TalkId": 39,
        "LocalizeTW": "那麼就開始吧！"
    },
    {
        "TalkId": 40,
        "LocalizeTW": "在特殊任務中，可以選擇老師想進行的任務來進行。"
    },
    {
        "TalkId": 40,
        "LocalizeTW": "由於每項任務都需要不同的戰略和組合，找出適合各項任務的攻略法是重點所在！"
    },
    {
        "TalkId": 41,
        "LocalizeTW": "這次選擇「據點防禦」任務吧。"
    },
    {
        "TalkId": 42,
        "LocalizeTW": "任務的資訊可以在這裡確認。"
    },
    {
        "TalkId": 43,
        "LocalizeTW": "確認戰場的地形類型是很重要的。"
    },
    {
        "TalkId": 43,
        "LocalizeTW": "學生之中有能夠在特定地形發揮更強大力量的類型，配合這一點來編輯部隊將較為有利。"
    },
    {
        "TalkId": 44,
        "LocalizeTW": "那麼進入特殊任務吧。"
    },
    {
        "TalkId": 45,
        "LocalizeTW": "在「據點防禦」中會有大量的敵人蜂擁而上，因此範圍攻擊技能特別有效。"
    },
    {
        "TalkId": 45,
        "LocalizeTW": "請將戰鬥概念和地形納入考量，編輯學生們吧！"
    },
    {
        "TalkId": 49,
        "LocalizeTW": "在總力戰中，能夠和非常強力的頭目進行戰鬥。"
    },
    {
        "TalkId": 49,
        "LocalizeTW": "此外，由於一天能戰鬥的次數有限，必須謹慎應戰才行！"
    },
    {
        "TalkId": 50,
        "LocalizeTW": "總力戰分成各種難度，難度越高就能獲得越好的獎勵。"
    },
    {
        "TalkId": 51,
        "LocalizeTW": "那麼我的說明暫時到此為止！期待看到老師的活躍表現哦！"
    },
    {
        "TalkId": 52,
        "LocalizeTW": "戰術大賽是透過與其他學生戰鬥來爭奪名次的競賽。"
    },
    {
        "TalkId": 52,
        "LocalizeTW": "在這裡可以查看參加大賽的隊伍清單。"
    },
    {
        "TalkId": 53,
        "LocalizeTW": "首先為了進行防禦編制，請點擊這個按鈕。"
    },
    {
        "TalkId": 54,
        "LocalizeTW": "編制防禦隊伍時的要點在於考量「地形」！"
    },
    {
        "TalkId": 54,
        "LocalizeTW": "請將對學生們有利的地形和各自的技能納入考慮，編組防禦隊伍吧！"
    },
    {
        "TalkId": 55,
        "LocalizeTW": "期待老師在戰術大賽的亮眼活躍！"
    },
    {
        "TalkId": 56,
        "LocalizeTW": "這次將對讓學生成長的方法進行說明。"
    },
    {
        "TalkId": 56,
        "LocalizeTW": "首先，選擇想使其成長的學生吧。"
    },
    {
        "TalkId": 57,
        "LocalizeTW": "可以在這裡確認學生們基本的能力值情報。"
    },
    {
        "TalkId": 57,
        "LocalizeTW": "首先，這裡備有可以確認學生們裝備的裝備欄位，"
    },
    {
        "TalkId": 58,
        "LocalizeTW": "以及「升級」、「神祕解放」、「技能成長」等等，能讓學生們成長的，"
    },
    {
        "TalkId": 58,
        "LocalizeTW": "各式各樣的方法。"
    },
    {
        "TalkId": 59,
        "LocalizeTW": "首先，試試看最基本的「升級」吧！"
    },
    {
        "TalkId": 60,
        "LocalizeTW": "可以在這裡確認學生們升級時上升的能力值情報。"
    },
    {
        "TalkId": 61,
        "LocalizeTW": "升級時需要「活動報告」， "
    },
    {
        "TalkId": 62,
        "LocalizeTW": "而「活動報告」可以透過執行各式任務取得。"
    },
    {
        "TalkId": 62,
        "LocalizeTW": "根據老師的等級，學生們的等級上限也能相應的提升。因此，當老師等級提升時，請別忘了讓學生成長喔！"
    },
    {
        "TalkId": 63,
        "LocalizeTW": "接著來看看學生的裝備吧。"
    },
    {
        "TalkId": 63,
        "LocalizeTW": "首先請選擇學生。"
    },
    {
        "TalkId": 64,
        "LocalizeTW": "學生的裝備可以在下方的裝備欄位進行確認。"
    },
    {
        "TalkId": 65,
        "LocalizeTW": "可依開放的欄位數穿戴裝備，"
    },
    {
        "TalkId": 65,
        "LocalizeTW": "仍被鎖定的欄位將隨著學生等級提升依次開放。"
    },
    {
        "TalkId": 65,
        "LocalizeTW": "裝備可以透過這個按鈕進行強化。"
    },
    {
        "TalkId": 66,
        "LocalizeTW": "穿上優秀裝備的話，不只是學生們的能力，就連幹勁也會提升吧！"
    },
    {
        "TalkId": 66,
        "LocalizeTW": "請用更好的裝備讓學生們成長吧！"
    },
    {
        "TalkId": 67,
        "LocalizeTW": "歡迎光臨，老師。這裡是夏萊附設的咖啡廳。"
    },
    {
        "TalkId": 67,
        "LocalizeTW": "可以在這裡和來訪的學生打招呼，或者取得咖啡廳的收益。"
    },
    {
        "TalkId": 67,
        "LocalizeTW": "造訪咖啡廳的學生可以透過點擊進行交流。"
    },
    {
        "TalkId": 68,
        "LocalizeTW": "接下來將說明在咖啡廳可以做哪些事。"
    },
    {
        "TalkId": 69,
        "LocalizeTW": "首先可以用時髦的家具來裝飾咖啡廳，以及送禮物給來訪的學生。"
    },
    {
        "TalkId": 69,
        "LocalizeTW": "另外可以在此處確認咖啡廳現在的狀況。"
    },
    {
        "TalkId": 70,
        "LocalizeTW": "咖啡廳的舒適度會隨著咖啡廳配置的家具改變。"
    },
    {
        "TalkId": 70,
        "LocalizeTW": "此外依據舒適度的改變，咖啡廳的收益也將有所變動！"
    },
    {
        "TalkId": 71,
        "LocalizeTW": "可在此確認咖啡廳的收益。"
    },
    {
        "TalkId": 72,
        "LocalizeTW": "收益存在保存上限，到達上限後超過的收益將會消失，還請注意！"
    },
    {
        "TalkId": 73,
        "LocalizeTW": "接著來確認學生們的技能，以及使其成長的方法吧。"
    },
    {
        "TalkId": 73,
        "LocalizeTW": "首先請選擇學生。"
    },
    {
        "TalkId": 74,
        "LocalizeTW": "學生持有的技能可以在這裡確認。"
    },
    {
        "TalkId": 75,
        "LocalizeTW": "再確認得詳細一點吧。"
    },
    {
        "TalkId": 76,
        "LocalizeTW": "點擊各個技能即可查看該技能的詳細說明。"
    },
    {
        "TalkId": 76,
        "LocalizeTW": "那麼接下來，該如何讓技能成長……"
    },
    {
        "TalkId": 77,
        "LocalizeTW": "在這裡可以讓喜歡的技能成長。"
    },
    {
        "TalkId": 78,
        "LocalizeTW": "下一等級的技能情報可以事前進行確認。"
    },
    {
        "TalkId": 79,
        "LocalizeTW": "成長所需的材料則可以在此確認。"
    },
    {
        "TalkId": 80,
        "LocalizeTW": "請收集材料讓學生的技能成長吧！"
    },
    {
        "TalkId": 140001,
        "LocalizeTW": "獲得「紀念大廳」了呢！ "
    },
    {
        "TalkId": 140001,
        "LocalizeTW": "在那之中保存著與學生們的特別回憶。"
    },
    {
        "TalkId": 140001,
        "LocalizeTW": "機會難得，要不要再看一次呢？"
    },
    {
        "TalkId": 140002,
        "LocalizeTW": "首先可在此決定協助老師執行任務的值日生學生。"
    },
    {
        "TalkId": 140002,
        "LocalizeTW": "被指定為值日生的學生會在夏萊大廳待命。"
    },
    {
        "TalkId": 140002,
        "LocalizeTW": "接著，紀念大廳可以在此確認。"
    },
    {
        "TalkId": 140003,
        "LocalizeTW": "像這樣把擁有與老師紀念大廳的學生設定為值日生之後……"
    },
    {
        "TalkId": 140004,
        "LocalizeTW": "在這裡就會出現長這樣的「紀念大廳轉換按鈕」。"
    },
    {
        "TalkId": 140005,
        "LocalizeTW": "系統設定中也有紀念大廳的相關選項能夠調整，稍後請去確認看看吧！"
    },
    {
        "TalkId": 150001,
        "LocalizeTW": "可以利用倍速按鈕調整戰鬥的速度。"
    },
    {
        "TalkId": 150001,
        "LocalizeTW": "請用喜歡的速度指揮戰鬥吧！"
    },
    {
        "TalkId": 160001,
        "LocalizeTW": "這裡是工藝室。"
    },
    {
        "TalkId": 160001,
        "LocalizeTW": "可以在這裡投入各種材料獲得各式的道具。"
    },
    {
        "TalkId": 160001,
        "LocalizeTW": "按下開始製造鈕後，工藝室就會啟動。"
    },
    {
        "TalkId": 160001,
        "LocalizeTW": "按下開始製造鈕試試看吧。"
    },
    {
        "TalkId": 160002,
        "LocalizeTW": "要讓工藝室開始製造就需要啟動石。"
    },
    {
        "TalkId": 160003,
        "LocalizeTW": "投入啟動石之後，點擊開放按鈕即可製造。"
    },
    {
        "TalkId": 160004,
        "LocalizeTW": "進行製造時，可透過選擇節點調整最終的結果。"
    },
    {
        "TalkId": 160004,
        "LocalizeTW": "選擇節點之後，等待一段時間即可完成製造。"
    },
    {
        "TalkId": 160005,
        "LocalizeTW": "請在工藝室試著製造各式道具吧！"
    },
    {
        "TalkId": 170001,
        "LocalizeTW": "在這裡，老師可以決定課程表。"
    },
    {
        "TalkId": 170001,
        "LocalizeTW": "可以選擇各式各樣的課程，和學生們共度時間唷。"
    },
    {
        "TalkId": 170001,
        "LocalizeTW": "首先前往夏萊辦公室吧。"
    },
    {
        "TalkId": 170002,
        "LocalizeTW": "執行課程表後，參加此課程表的學生的羈絆點數就會增加！"
    },
    {
        "TalkId": 170002,
        "LocalizeTW": "由於課程表的執行次數有限，注意這點並做出決定吧！"
    },
    {
        "TalkId": 170003,
        "LocalizeTW": "雖然最初課程表的執行次數相對有限，"
    },
    {
        "TalkId": 170003,
        "LocalizeTW": "但是隨著地區等級的提升，就能進行更多次、更多種類的課程表！"
    },
    {
        "TalkId": 170003,
        "LocalizeTW": "那麼，來確認現在可以執行的課程表吧。"
    },
    {
        "TalkId": 170004,
        "LocalizeTW": "可以在這裡確認所有課程表！"
    },
    {
        "TalkId": 170004,
        "LocalizeTW": "順利執行課程表，獲得各式獎勵與羈絆點數吧！"
    },
    {
        "TalkId": 180001,
        "LocalizeTW": "收集到尚未招募的學生的神名文字了呢。"
    },
    {
        "TalkId": 180001,
        "LocalizeTW": "這次就用這些神名文字來招募學生吧。"
    },
    {
        "TalkId": 180002,
        "LocalizeTW": "請選擇收集到神名文字的學生。"
    },
    {
        "TalkId": 180003,
        "LocalizeTW": "將學生的神名文字收集到一定數量之後，即可點擊「神名文字兌換」按鈕，以神名文字作為交換來招募學生。"
    },
    {
        "TalkId": 180003,
        "LocalizeTW": "或者不立刻使用，以「招募」獲得該學生後再將神名文字用於「神祕解放」也是一種作法。"
    },
    {
        "TalkId": 180004,
        "LocalizeTW": "那麼我暫時告辭。今後也請加油哦，老師！"
    },
    {
        "TalkId": 190001,
        "LocalizeTW": "可以在這裡觀看奇普托斯發生的各種故事。"
    },
    {
        "TalkId": 190001,
        "LocalizeTW": "首先是主線劇情。"
    },
    {
        "TalkId": 190002,
        "LocalizeTW": "在主線劇情中，可以觀看在奇普托斯各處發生的故事。"
    },
    {
        "TalkId": 190002,
        "LocalizeTW": "接下來是支線劇情！"
    },
    {
        "TalkId": 190003,
        "LocalizeTW": "在支線劇情中，可以觀看各個學園的社團和委員會的小故事。"
    },
    {
        "TalkId": 190003,
        "LocalizeTW": "最後，除了這兩者之外，在任務中看到的劇情等等故事可在「重播」裡重新觀看。"
    },
    {
        "TalkId": 190004,
        "LocalizeTW": "那麼老師，請繼續加油喔！"
    },
    {
        "TalkId": 200001,
        "LocalizeTW": "可以進行「特殊任務」了。"
    },
    {
        "TalkId": 200001,
        "LocalizeTW": "要不要一起去詳細看看？"
    },
    {
        "TalkId": 200001,
        "LocalizeTW": "首先是「據點防禦」。"
    },
    {
        "TalkId": 200002,
        "LocalizeTW": "「據點防禦」是抵擋大量來襲敵人的任務。"
    },
    {
        "TalkId": 200002,
        "LocalizeTW": "可獲得「活動報告」作為獎勵。"
    },
    {
        "TalkId": 200002,
        "LocalizeTW": "接著是「信用貨幣回收」。"
    },
    {
        "TalkId": 200003,
        "LocalizeTW": "「信用貨幣回收」是必須在限制時間內快速打倒敵人的任務。"
    },
    {
        "TalkId": 200003,
        "LocalizeTW": "可獲得「信用貨幣」作為獎勵。"
    },
    {
        "TalkId": 200003,
        "LocalizeTW": "特殊任務沒有入場次數限制，可以盡情執行！"
    },
    {
        "TalkId": 210001,
        "LocalizeTW": "可以進行「懸賞通緝」了。"
    },
    {
        "TalkId": 210002,
        "LocalizeTW": "「懸賞通緝」是追擊逃跑壞蛋的任務。"
    },
    {
        "TalkId": 210002,
        "LocalizeTW": "順利達成的話，可獲得「技能成長材料」作為獎勵。"
    },
    {
        "TalkId": 210002,
        "LocalizeTW": "此外，進行懸賞通緝時需要入場票券。"
    },
    {
        "TalkId": 210003,
        "LocalizeTW": "票券會在每天固定的時間回復，請放心！"
    },
    {
        "TalkId": 210003,
        "LocalizeTW": "啊，還有一點，我來說明非常重要的「學園增益效果」。"
    },
    {
        "TalkId": 210004,
        "LocalizeTW": "根據懸賞通緝任務種類的不同，部分學園可獲得增益效果。"
    },
    {
        "TalkId": 210005,
        "LocalizeTW": "編入部隊中的該學園學生數越多，"
    },
    {
        "TalkId": 210005,
        "LocalizeTW": "執行任務時就越會輕鬆。這可不能錯過呢！"
    },
    {
        "TalkId": 210005,
        "LocalizeTW": "那麼就繼續拜託你囉！ "
    },
    {
        "TalkId": 220001,
        "LocalizeTW": "接下來將對綁定帳號進行說明。"
    },
    {
        "TalkId": 220001,
        "LocalizeTW": "現在就去看看吧。"
    },
    {
        "TalkId": 220002,
        "LocalizeTW": "在這裡可以把老師的帳號與其他各種帳號進行綁定。"
    },
    {
        "TalkId": 220003,
        "LocalizeTW": "綁定帳號後，在使用其他設備登入或重新下載遊戲時， "
    },
    {
        "TalkId": 220003,
        "LocalizeTW": "各種情況下都會更為方便，推薦老師務必進行綁定。"
    },
    {
        "TalkId": 220003,
        "LocalizeTW": "那就拜託了，老師！"
    },
    {
        "TalkId": 101130101,
        "LocalizeTW": "為了老師日後要執行的任務，我準備了一點訓練。"
    },
    {
        "TalkId": 101130101,
        "LocalizeTW": "那麼就趕快開始吧。"
    },
    {
        "TalkId": 101130101,
        "LocalizeTW": "首先是關於執行戰鬥的地點「地形」的訓練。"
    },
    {
        "TalkId": 101130101,
        "LocalizeTW": "每個學生能順利執行作戰的[c][007eff]地形[-][/c]各不相同。"
    },
    {
        "TalkId": 101130102,
        "LocalizeTW": "有擅長特定地形的學生，也有對特定地形不拿手的學生。"
    },
    {
        "TalkId": 101130103,
        "LocalizeTW": "在編輯部隊時確認此情報，將對執行任務有很大的幫助！"
    },
    {
        "TalkId": 101130104,
        "LocalizeTW": "是[c][007eff]掩蔽物[-][/c]！[c][007eff]掩蔽物[-][/c]可在敵人的攻擊下保護自己。"
    },
    {
        "TalkId": 101130105,
        "LocalizeTW": "大部分的學生看到掩蔽物都會[c][00f0ff]躲起來[-][/c]保護自己。"
    },
    {
        "TalkId": 101130106,
        "LocalizeTW": "但是也有不會進行掩蔽的學生，這點需要注意。"
    },
    {
        "TalkId": 101130201,
        "LocalizeTW": "學生在作戰中有自己的[c][007eff]定位[-][/c]。"
    },
    {
        "TalkId": 101130202,
        "LocalizeTW": "依照可使用的技能分為[c][00f0ff]坦克、打手、輔助、治癒師、戰術支援(T.S)[-][/c]。"
    },
    {
        "TalkId": 101130203,
        "LocalizeTW": "會根據自己的[c][007eff]定位[-][/c]，自行移動到[c][007eff]便於執行作戰的位置[-][/c]進行戰鬥。"
    },
    {
        "TalkId": 101130203,
        "LocalizeTW": "[c][007eff]輔助[-][/c]的學生是利用各種方法協助其他學生[c][007eff]進行戰鬥。[-][/c]"
    },
    {
        "TalkId": 101130203,
        "LocalizeTW": "[c][007eff]小玉[-][/c]同學的技能具有[c][007eff]提升我方攻擊力[-][/c]的效果。\n使用技能來輔助其他學生吧！"
    },
    {
        "TalkId": 101130204,
        "LocalizeTW": "[c][007eff]打手[-][/c]可利用強烈的攻擊[c][007eff]對敵人造成大量傷害。[-][/c]\n但由於體力較低，通常在後方戰鬥。"
    },
    {
        "TalkId": 101130204,
        "LocalizeTW": "在這之中[c][007eff]無月[-][/c]同學屬於[c][007eff]打手[-][/c]！請點擊技能卡選擇敵人！"
    },
    {
        "TalkId": 101130205,
        "LocalizeTW": "[c][007eff]坦克[-][/c]的學生會在前方[c][007eff]抵擋敵人的攻擊。[-][/c]"
    },
    {
        "TalkId": 101130205,
        "LocalizeTW": "在這之中[c][007eff]優香[-][/c]同學屬於[c][007eff]坦克[-][/c]。請使用技能試著強化遭受攻擊的優香同學吧！"
    },
    {
        "TalkId": 101130206,
        "LocalizeTW": "由於敵人的攻擊，學生們的體力正在減少！"
    },
    {
        "TalkId": 101130206,
        "LocalizeTW": "[c][007eff]治癒師[-][/c][c][007eff]花繪[-][/c]同學上場的時候到了！\n請快幫學生[c][007eff]治療！[-][/c]"
    },
    {
        "TalkId": 102130301,
        "LocalizeTW": "敵我雙方都具有各自的[c][007eff]攻擊類型[-][/c]和[c][007eff]防禦類型[-][/c]。"
    },
    {
        "TalkId": 102130302,
        "LocalizeTW": "若以適合對付敵人[c][00f0ff]防禦類型[-][/c]的[c][00f0ff]有利類型[-][/c]角色進行攻擊，將可造成更[c][00f0ff]大量的傷害[-][/c]。"
    },
    {
        "TalkId": 102130303,
        "LocalizeTW": "敵人的[c][00f0ff]HP計量條顏色[-][/c]代表敵人的[c][00f0ff]類型[-][/c]，"
    },
    {
        "TalkId": 102130304,
        "LocalizeTW": "[c][00f0ff]技能卡的顏色[-][/c]代表學生的[c][00f0ff]攻擊類型[-][/c]，請作為參考。"
    },
    {
        "TalkId": 102130305,
        "LocalizeTW": "出現了[c][007eff]輕裝甲類型[-][/c]的敵人！"
    },
    {
        "TalkId": 102130305,
        "LocalizeTW": "成功發動[c][007eff]爆炸類型[-][/c]的攻擊將可造成[c][007eff]大量的傷害[-][/c]。"
    },
    {
        "TalkId": 102130305,
        "LocalizeTW": "[c][007eff]亞瑠[-][/c]同學的技能屬於[c][007eff]爆炸類型[-][/c]，試著使用亞瑠的技能吧！"
    },
    {
        "TalkId": 102130306,
        "LocalizeTW": "這次出現的是[c][007eff]重裝甲類型[-][/c]的敵人呢。\n[c][007eff]貫穿類型[-][/c]的技能會很有效！"
    },
    {
        "TalkId": 102130306,
        "LocalizeTW": "[c][007eff]淳子[-][/c]同學的技能屬於[c][007eff]貫穿類型[-][/c]。試著使用淳子的技能攻擊敵人吧！"
    },
    {
        "TalkId": 102130307,
        "LocalizeTW": "那個是[c][007eff]特殊裝甲類型[-][/c]的敵人！"
    },
    {
        "TalkId": 102130307,
        "LocalizeTW": "[c][007eff]神祕類型[-][/c]的攻擊對[c][007eff]特殊裝甲類型[-][/c]的敵人很有效。"
    },
    {
        "TalkId": 102130307,
        "LocalizeTW": "[c][007eff]知世[-][/c]同學的技能屬於[c][007eff]神祕類型[-][/c]，請按壓技能卡並拖曳，在敵人附近放開手指吧！技能可透過點擊或是拖曳來發動！"
    },
    {
        "TalkId": 102130401,
        "LocalizeTW": "透過學生的[c][007eff]技能[-][/c]，\n老師能夠[c][007eff]親自介入戰鬥[-][/c]。"
    },
    {
        "TalkId": 102130401,
        "LocalizeTW": "老師實際介入戰鬥時，技能的[c][007eff]使用時機[-][/c]與[c][007eff]使用位置[-][/c]非常重要。"
    },
    {
        "TalkId": 102130401,
        "LocalizeTW": "那麼請老師下指示，使用[c][007eff]能引誘敵人的技能[-][/c]吧！"
    },
    {
        "TalkId": 102130402,
        "LocalizeTW": "[c][007eff]茱莉[-][/c]同學的技能可以[c][007eff]引誘敵人[-][/c]並接著造成[c][007eff]傷害[-][/c]。"
    },
    {
        "TalkId": 102130402,
        "LocalizeTW": "聚集越多敵人，範圍攻擊的效率就會變得更好！"
    },
    {
        "TalkId": 102130402,
        "LocalizeTW": "請點擊茱莉的技能卡並拖曳到想發動的位置，在喜歡的位置放開手指吧！"
    },
    {
        "TalkId": 102130402,
        "LocalizeTW": "如果位置離敵人太遠，可能會引誘失敗，這點請老師注意！"
    },
    {
        "TalkId": 103130501,
        "LocalizeTW": "部分學生可以自行[c][007eff]設置掩蔽物[-][/c]。"
    },
    {
        "TalkId": 103130501,
        "LocalizeTW": "請使用[c][007eff]志美子[-][/c]同學的技能幫助白子同學和旬同學吧。"
    },
    {
        "TalkId": 103130501,
        "LocalizeTW": "在兩人的前方設置掩蔽物，抵擋敵人的攻擊吧！"
    },
    {
        "TalkId": 103130601,
        "LocalizeTW": "有些學生具有聽從老師指示[c][007eff]進行移動的技能[-][/c]。"
    },
    {
        "TalkId": 103130601,
        "LocalizeTW": "而且如果能善用這些學生的技能，便可依照老師的指示[c][007eff]躲開敵人的攻擊[-][/c]！"
    },
    {
        "TalkId": 103130602,
        "LocalizeTW": "敵人盯上明日奈了。\n感覺馬上就會使出強力的攻擊！"
    },
    {
        "TalkId": 103130602,
        "LocalizeTW": "用[c][007eff]明日奈[-][/c]同學的技能來躲避吧！請指示明日奈到攻擊範圍之外進行迴避！"
    },
    {
        "TalkId": 103130602,
        "LocalizeTW": "躲開攻擊之後就用[c][007eff]花凛的技能進行反擊[-][/c]吧！"
    },
    {
        "TalkId": 230001,
        "LocalizeTW": "有能夠裝備固有武器的學生呢。"
    },
    {
        "TalkId": 230001,
        "LocalizeTW": "固有武器是只有神祕解放至★5的學生能裝備的特別武器。"
    },
    {
        "TalkId": 230002,
        "LocalizeTW": "那麼首先就試著裝備這位學生的固有武器吧。"
    },
    {
        "TalkId": 230002,
        "LocalizeTW": "請點擊固有武器的欄位。"
    },
    {
        "TalkId": 230003,
        "LocalizeTW": "在這裡可對固有武器進行裝備和管理。"
    },
    {
        "TalkId": 230003,
        "LocalizeTW": "固有武器可以提升學生的能力值，"
    },
    {
        "TalkId": 230004,
        "LocalizeTW": "或是強化學生的技能和各種地形的戰鬥力。"
    },
    {
        "TalkId": 230005,
        "LocalizeTW": "固有武器可透過這個按鈕進行裝備。"
    },
    {
        "TalkId": 230006,
        "LocalizeTW": "強化固有武器後，除了能力值將大幅增加，"
    },
    {
        "TalkId": 230006,
        "LocalizeTW": "同時也會影響技能的強化，非常推薦進行強化哦！"
    },
    {
        "TalkId": 230006,
        "LocalizeTW": "那麼，今後也繼續加油吧！"
    },
    {
        "TalkId": 240001,
        "LocalizeTW": "老師，歡迎來到「綜合戰術考試」的會場！"
    },
    {
        "TalkId": 240001,
        "LocalizeTW": "學生們將會在這裡以各式各樣的形式接受考試，並依照結果獲得獎勵。"
    },
    {
        "TalkId": 240001,
        "LocalizeTW": "各考場皆存在著「特殊規則」。"
    },
    {
        "TalkId": 240001,
        "LocalizeTW": "越能依照規則快速的解決問題，得到的分數就會越高。"
    },
    {
        "TalkId": 240002,
        "LocalizeTW": "考試期間內，按下「入場」按鈕即可開始進行考試。"
    },
    {
        "TalkId": 240002,
        "LocalizeTW": "按下「資訊」按鈕即可確認下次考試的資訊！"
    },
    {
        "TalkId": 240002,
        "LocalizeTW": "請在仔細確認特殊規則後，與學生們一起思考相應的戰略。"
    },
    {
        "TalkId": 240002,
        "LocalizeTW": "那麼老師，我會支持你獲得好結果的。請加油哦！"
    },
    {
        "TalkId": 250001,
        "LocalizeTW": "老師！可以參加大決戰了！"
    },
    {
        "TalkId": 250001,
        "LocalizeTW": "在總力戰中遇過的頭目會以各種防禦類型出現。"
    },
    {
        "TalkId": 250002,
        "LocalizeTW": "每個頭目出現的時間是固定的！"
    },
    {
        "TalkId": 250003,
        "LocalizeTW": "出現的頭目根據防禦類型的不同，需要的入場券也不同，"
    },
    {
        "TalkId": 250003,
        "LocalizeTW": "每天登入時，都會獲得所有防禦類型的票券各1張。"
    },
    {
        "TalkId": 250003,
        "LocalizeTW": "曾打倒過的頭目可以按防禦類型和難易度進行掃蕩，"
    },
    {
        "TalkId": 250003,
        "LocalizeTW": "但如果賽季變更了，就必須重新打倒頭目才能再進行掃蕩！請注意！"
    },
    {
        "TalkId": 250003,
        "LocalizeTW": "根據每個頭目的防禦類型合計最高得分，記錄排名。"
    },
    {
        "TalkId": 250004,
        "LocalizeTW": "我認為這不是能輕鬆完成的任務，但彩奈會竭盡全力支持你的！"
    },
    {
        "TalkId": 260001,
        "LocalizeTW": "從現在開始，可以參加「制約解除決戰」了。"
    },
    {
        "TalkId": 260001,
        "LocalizeTW": "「制約解除決戰」是與「隨階段提升而增強的頭目」進行戰鬥的任務。"
    },
    {
        "TalkId": 260001,
        "LocalizeTW": "擊敗頭目後可獲得階段獎勵。"
    },
    {
        "TalkId": 260002,
        "LocalizeTW": "那麼，就來正式引導戰鬥流程吧。"
    },
    {
        "TalkId": 260002,
        "LocalizeTW": "請先按下入場按鈕。"
    },
    {
        "TalkId": 260003,
        "LocalizeTW": "可以在這裡確認及選擇欲與之戰鬥的頭目階段。"
    },
    {
        "TalkId": 260004,
        "LocalizeTW": "如前面說的，隨著階段越高，頭目也會變得越強大。"
    },
    {
        "TalkId": 260004,
        "LocalizeTW": "建議先在這裡提前確認頭目情報並做好準備。"
    },
    {
        "TalkId": 260005,
        "LocalizeTW": "請注意，只有賽季期間可能入場戰鬥。"
    },
    {
        "TalkId": 260006,
        "LocalizeTW": "要在規定的時間內挑戰最高階段並不容易……"
    },
    {
        "TalkId": 260006,
        "LocalizeTW": "我會和彩奈前輩一起支援老師的。"
    },
    {
        "TalkId": 270001,
        "LocalizeTW": "老師！從現在開始，您可以更輕鬆地指揮任務戰鬥了！"
    },
    {
        "TalkId": 270001,
        "LocalizeTW": "我現在就簡單地為您說明一下這項新功能。"
    },
    {
        "TalkId": 270002,
        "LocalizeTW": "簡易攻略是一種能夠透過單次戰鬥就完成任務的功能。"
    },
    {
        "TalkId": 270003,
        "LocalizeTW": "但您將會面對在集中指揮中登場的最強敵人。"
    },
    {
        "TalkId": 270003,
        "LocalizeTW": "另外，無論您選擇何種作戰指揮，任務的目標都是相同的，這點請您特別留意！"
    },
    {
        "TalkId": 270004,
        "LocalizeTW": "好的，彩奈的介紹就到此為止。"
    },
    {
        "TalkId": 270004,
        "LocalizeTW": "現在就請您選擇喜歡的指揮方式，依序完成任務吧！"
    }
]