[
    {
        "GroupId": 1,
        "LocalizeJP": "周りが騒がしいですね…。"
    },
    {
        "GroupId": 1,
        "LocalizeJP": "（ゲヘナのパーティーか…）"
    },
    {
        "GroupId": 1,
        "LocalizeJP": ""
    },
    {
        "GroupId": 1,
        "LocalizeJP": ""
    },
    {
        "GroupId": 1,
        "LocalizeJP": ""
    },
    {
        "GroupId": 1,
        "LocalizeJP": ""
    },
    {
        "GroupId": 1,
        "LocalizeJP": ""
    },
    {
        "GroupId": 1,
        "LocalizeJP": ""
    },
    {
        "GroupId": 1,
        "LocalizeJP": ""
    },
    {
        "GroupId": 1,
        "LocalizeJP": ""
    },
    {
        "GroupId": 1,
        "LocalizeJP": ""
    },
    {
        "GroupId": 1,
        "LocalizeJP": ""
    },
    {
        "GroupId": 1,
        "LocalizeJP": ""
    },
    {
        "GroupId": 1,
        "LocalizeJP": ""
    },
    {
        "GroupId": 1,
        "LocalizeJP": ""
    },
    {
        "GroupId": 1,
        "LocalizeJP": ""
    },
    {
        "GroupId": 2,
        "LocalizeJP": ""
    },
    {
        "GroupId": 3,
        "LocalizeJP": "이제 환풍구로 진입할 수 있겠어"
    },
    {
        "GroupId": 3,
        "LocalizeJP": ""
    },
    {
        "GroupId": 3,
        "LocalizeJP": "이런 서둘러서 이동해야겠어요"
    },
    {
        "GroupId": 4,
        "LocalizeJP": ""
    },
    {
        "GroupId": 5,
        "LocalizeJP": ""
    },
    {
        "GroupId": 5,
        "LocalizeJP": ""
    },
    {
        "GroupId": 5,
        "LocalizeJP": ""
    },
    {
        "GroupId": 6,
        "LocalizeJP": ""
    },
    {
        "GroupId": 8431998001,
        "LocalizeJP": ""
    },
    {
        "GroupId": 8431998002,
        "LocalizeJP": ""
    },
    {
        "GroupId": 8431998003,
        "LocalizeJP": ""
    },
    {
        "GroupId": 8431998004,
        "LocalizeJP": ""
    },
    {
        "GroupId": 8431998005,
        "LocalizeJP": ""
    },
    {
        "GroupId": 8431998006,
        "LocalizeJP": ""
    },
    {
        "GroupId": 8431998007,
        "LocalizeJP": ""
    },
    {
        "GroupId": 8431998008,
        "LocalizeJP": ""
    },
    {
        "GroupId": 8431998009,
        "LocalizeJP": ""
    },
    {
        "GroupId": 8431998010,
        "LocalizeJP": ""
    },
    {
        "GroupId": 8431998011,
        "LocalizeJP": ""
    },
    {
        "GroupId": 8431998012,
        "LocalizeJP": ""
    },
    {
        "GroupId": 8431998013,
        "LocalizeJP": ""
    },
    {
        "GroupId": 8431998014,
        "LocalizeJP": ""
    },
    {
        "GroupId": 8431998015,
        "LocalizeJP": ""
    },
    {
        "GroupId": 8431999001,
        "LocalizeJP": ""
    },
    {
        "GroupId": 8431999002,
        "LocalizeJP": ""
    },
    {
        "GroupId": 8431999003,
        "LocalizeJP": ""
    },
    {
        "GroupId": 8431999004,
        "LocalizeJP": ""
    },
    {
        "GroupId": 8431999005,
        "LocalizeJP": ""
    },
    {
        "GroupId": 8431999006,
        "LocalizeJP": ""
    },
    {
        "GroupId": 8431999007,
        "LocalizeJP": ""
    },
    {
        "GroupId": 8431999008,
        "LocalizeJP": ""
    },
    {
        "GroupId": 8431999009,
        "LocalizeJP": ""
    },
    {
        "GroupId": 8431999010,
        "LocalizeJP": ""
    },
    {
        "GroupId": 8431999011,
        "LocalizeJP": ""
    },
    {
        "GroupId": 8431999012,
        "LocalizeJP": ""
    },
    {
        "GroupId": 8431999013,
        "LocalizeJP": ""
    },
    {
        "GroupId": 8431999014,
        "LocalizeJP": ""
    },
    {
        "GroupId": 8431999015,
        "LocalizeJP": ""
    },
    {
        "GroupId": 8431999016,
        "LocalizeJP": "（集めたデータを保存した)"
    },
    {
        "GroupId": 8431999017,
        "LocalizeJP": "（収集データ、保存したぞ）"
    },
    {
        "GroupId": 8431999018,
        "LocalizeJP": "（ネルにもデータを持ってきてもらわねば）"
    },
    {
        "GroupId": 8431999019,
        "LocalizeJP": "（セイアのデータも必要だな）"
    },
    {
        "GroupId": 8430001000,
        "LocalizeJP": "（動かなければ気付かれないはずだ）"
    },
    {
        "GroupId": 8430001000,
        "LocalizeJP": "（タイミングを見て進もう）"
    },
    {
        "GroupId": 8430001010,
        "LocalizeJP": "…は…。"
    },
    {
        "GroupId": 8430001010,
        "LocalizeJP": "…が…で…。"
    },
    {
        "GroupId": 8430001010,
        "LocalizeJP": "（まだ遠いな…）"
    },
    {
        "GroupId": 8430001030,
        "LocalizeJP": "そろそろ時間だ。"
    },
    {
        "GroupId": 8430001030,
        "LocalizeJP": "早く渡して帰ろうぜ。"
    },
    {
        "GroupId": 8430001030,
        "LocalizeJP": "（…なるほど）"
    },
    {
        "GroupId": 8430001040,
        "LocalizeJP": "（まだやることがある)"
    },
    {
        "GroupId": 8430001050,
        "LocalizeJP": "（少し待つとしよう)"
    },
    {
        "GroupId": 8430003000,
        "LocalizeJP": "（この先のロックされた部屋にはセキュリティキーがあるんだっけか）"
    },
    {
        "GroupId": 8430003000,
        "LocalizeJP": "（もう全部ぶっ壊して進みてぇ…）"
    },
    {
        "GroupId": 8430003000,
        "LocalizeJP": "（潜入って性に合わねぇんだよな）"
    },
    {
        "GroupId": 8430003000,
        "LocalizeJP": "（体力が減ってきたら……回復薬を飲めばいいんだっけか）"
    },
    {
        "GroupId": 8430003010,
        "LocalizeJP": "（まだやることがあってな)"
    },
    {
        "GroupId": 8430006000,
        "LocalizeJP": "（ドローン…トリニティでは想像できない光景だね）"
    },
    {
        "GroupId": 8430006000,
        "LocalizeJP": "（通路の突きあたりまで行けばドアがあるはずだが）"
    },
    {
        "GroupId": 8430006010,
        "LocalizeJP": "（犬型ロボット…）"
    },
    {
        "GroupId": 8430006010,
        "LocalizeJP": "セイア、こっちよ。"
    },
    {
        "GroupId": 8430006010,
        "LocalizeJP": "…リオか？"
    },
    {
        "GroupId": 8430006010,
        "LocalizeJP": "通信機を取りつけてあるわ。"
    },
    {
        "GroupId": 8430006010,
        "LocalizeJP": "途中で収集したデータを保存できるようになっているの。"
    },
    {
        "GroupId": 8430006020,
        "LocalizeJP": "（ここは一人で通れそうにない）"
    },
    {
        "GroupId": 8430006020,
        "LocalizeJP": "（リオに連絡しなくては）"
    },
    {
        "GroupId": 8430006030,
        "LocalizeJP": "ちょうど進路を確保していたところよ。"
    },
    {
        "GroupId": 8430006030,
        "LocalizeJP": "換気扇を止めてもらえるかしら。そのままダクトを通れるはずよ。"
    },
    {
        "GroupId": 8430006040,
        "LocalizeJP": "（これは…配電盤…？)"
    },
    {
        "GroupId": 8430006050,
        "LocalizeJP": "（これでダクトを通れそうだ)"
    },
    {
        "GroupId": 8430006050,
        "LocalizeJP": "（急いで移動しよう)"
    },
    {
        "GroupId": 8431001000,
        "LocalizeJP": "（あれは…）"
    },
    {
        "GroupId": 8431001000,
        "LocalizeJP": "（ほかとは違う手掛かりのようだね）"
    },
    {
        "GroupId": 8431001010,
        "LocalizeJP": "（このあたりに…）"
    },
    {
        "GroupId": 8431001011,
        "LocalizeJP": "（…あれか。探知機があって助かった）"
    },
    {
        "GroupId": 8431002000,
        "LocalizeJP": "（到着…っと）"
    },
    {
        "GroupId": 8431002000,
        "LocalizeJP": "（…もう少し奥まで行くか）"
    },
    {
        "GroupId": 8431002010,
        "LocalizeJP": "（バレずに近づくのは厳しそうだな）"
    },
    {
        "GroupId": 8431002010,
        "LocalizeJP": "（ああ、そういえばニーパッドがあったな）"
    },
    {
        "GroupId": 8431002010,
        "LocalizeJP": "（ちょうどよかった）"
    },
    {
        "GroupId": 8431002020,
        "LocalizeJP": "これが終わったらパアっとやろうぜ！"
    },
    {
        "GroupId": 8431002020,
        "LocalizeJP": "二次会もやっちゃお！"
    },
    {
        "GroupId": 8431002020,
        "LocalizeJP": "鉄板焼き！鉄板焼き食べたいっす！"
    },
    {
        "GroupId": 8431002030,
        "LocalizeJP": "（銃は撃つなって言われてるしな…）"
    },
    {
        "GroupId": 8431002030,
        "LocalizeJP": "[전구]"
    },
    {
        "GroupId": 8431002030,
        "LocalizeJP": "（そういえば消音ストックがあったな）"
    },
    {
        "GroupId": 8431002030,
        "LocalizeJP": "（…本当、隙のねぇヤツ）"
    },
    {
        "GroupId": 8431003000,
        "LocalizeJP": "（参ったな…）"
    },
    {
        "GroupId": 8431003000,
        "LocalizeJP": "（確かこれで連絡を取れるのだったか）"
    },
    {
        "GroupId": 8431003000,
        "LocalizeJP": "（繋がるといいのだが…）"
    },
    {
        "GroupId": 8431003010,
        "LocalizeJP": "…ああ、大体分かった。"
    },
    {
        "GroupId": 8431003010,
        "LocalizeJP": "換気扇？了解、探してみる。"
    },
    {
        "GroupId": 8431004000,
        "LocalizeJP": "（セイアの方は…）"
    },
    {
        "GroupId": 8431004000,
        "LocalizeJP": "（…まぁ、適当にうまくやるだろ）"
    },
    {
        "GroupId": 8431004010,
        "LocalizeJP": "（これは……あっちに頼もうぜ）"
    },
    {
        "GroupId": 8431005000,
        "LocalizeJP": "（ここから離れなくては）"
    },
    {
        "GroupId": 8431005000,
        "LocalizeJP": "（捕まってはならない…勘がそう告げている）"
    },
    {
        "GroupId": 8431006000,
        "LocalizeJP": "おかしい…"
    },
    {
        "GroupId": 8431006000,
        "LocalizeJP": "（この違和感は…）"
    },
    {
        "GroupId": 8431006000,
        "LocalizeJP": "[…]"
    },
    {
        "GroupId": 8431006000,
        "LocalizeJP": "[!]"
    },
    {
        "GroupId": 8431006000,
        "LocalizeJP": "罠か…っ！"
    },
    {
        "GroupId": 8431006000,
        "LocalizeJP": "力を貸してほしい、ネル。"
    },
    {
        "GroupId": 8431006010,
        "LocalizeJP": "[!]"
    },
    {
        "GroupId": 8431006010,
        "LocalizeJP": "……ネルの身が危険だ。"
    },
    {
        "GroupId": 8431006020,
        "LocalizeJP": "セイアに開けてもらわねぇとな。"
    },
    {
        "GroupId": 8431007000,
        "LocalizeJP": "（このままでは追いつかれる）"
    },
    {
        "GroupId": 8431007000,
        "LocalizeJP": "（何か進路を妨げられるものは…）"
    }
]